Timestamp,Elapsed_s,Arduino_ms,Raw_mbar,Tared_mbar,TareOffset_mbar
2026-08-14 14:09:15.340,0.083,2412,964.84,-0.01,964.85
2026-08-14 14:09:15.340,0.083,2512,964.76,-0.09,964.85
2026-08-14 14:09:15.340,0.084,2612,964.89,0.04,964.85
2026-08-14 14:09:15.550,0.293,2712,964.89,0.04,964.85
2026-08-14 14:09:15.550,0.293,2812,964.87,0.02,964.85
2026-08-14 14:09:15.758,0.501,2912,964.92,0.07,964.85
2026-08-14 14:09:15.758,0.502,3012,964.86,0.01,964.85
2026-08-14 14:09:15.967,0.71,3112,964.83,-0.02,964.85
2026-08-14 14:09:15.967,0.71,3212,964.9,0.05,964.85
2026-08-14 14:09:16.176,0.919,3312,964.81,-0.04,964.85
2026-08-14 14:09:16.176,0.92,3412,964.84,-0.01,964.85
2026-08-14 14:09:16.383,1.127,3512,964.75,-0.1,964.85
2026-08-14 14:09:16.384,1.127,3612,964.94,0.09,964.85
2026-08-14 14:09:16.587,1.33,3713,964.89,0.04,964.85
2026-08-14 14:09:16.587,1.33,3812,964.86,0.01,964.85
2026-08-14 14:09:16.795,1.538,3912,964.84,-0.01,964.85
2026-08-14 14:09:16.795,1.539,4013,964.9,0.05,964.85
2026-08-14 14:09:16.795,1.539,4112,964.76,-0.09,964.85
2026-08-14 14:09:17.003,1.747,4212,964.81,-0.04,964.85
2026-08-14 14:09:17.004,1.747,4313,964.88,0.03,964.85
2026-08-14 14:09:17.212,1.956,4412,964.81,-0.04,964.85
2026-08-14 14:09:17.212,1.956,4512,964.85,0.0,964.85
2026-08-14 14:09:17.425,2.169,4613,964.82,-0.03,964.85
2026-08-14 14:09:17.426,2.169,4712,964.78,-0.07,964.85
2026-08-14 14:09:17.626,2.37,4812,964.91,0.06,964.85
2026-08-14 14:09:17.626,2.37,4913,964.91,0.06,964.85
2026-08-14 14:09:17.827,2.571,5012,964.92,0.07,964.85
2026-08-14 14:09:17.827,2.571,5112,964.85,0.0,964.85
2026-08-14 14:09:18.028,2.771,5212,964.78,-0.07,964.85
2026-08-14 14:09:18.028,2.771,5312,964.87,0.02,964.85
2026-08-14 14:09:18.240,2.983,5412,964.84,-0.01,964.85
2026-08-14 14:09:18.240,2.983,5512,964.86,0.01,964.85
2026-08-14 14:09:18.447,3.191,5612,964.89,0.04,964.85
2026-08-14 14:09:18.448,3.191,5712,964.93,0.08,964.85
2026-08-14 14:09:18.657,3.401,5812,964.87,0.02,964.85
2026-08-14 14:09:18.658,3.401,5912,964.88,0.03,964.85
2026-08-14 14:09:18.866,3.609,6012,964.99,0.14,964.85
2026-08-14 14:09:18.866,3.609,6112,964.83,-0.02,964.85
2026-08-14 14:09:19.073,3.817,6212,964.88,0.03,964.85
2026-08-14 14:09:19.073,3.817,6312,964.95,0.1,964.85
2026-08-14 14:09:19.283,4.026,6412,964.95,0.1,964.85
2026-08-14 14:09:19.283,4.026,6512,964.85,0.0,964.85
2026-08-14 14:09:19.483,4.227,6612,964.84,-0.01,964.85
2026-08-14 14:09:19.484,4.227,6712,964.9,0.05,964.85
2026-08-14 14:09:19.690,4.434,6812,964.84,-0.01,964.85
2026-08-14 14:09:19.691,4.434,6913,964.91,0.06,964.85
2026-08-14 14:09:19.691,4.434,7012,964.96,0.11,964.85
2026-08-14 14:09:19.895,4.639,7112,964.85,0.0,964.85
2026-08-14 14:09:19.896,4.639,7213,964.92,0.07,964.85
2026-08-14 14:09:20.107,4.851,7312,964.92,0.07,964.85
2026-08-14 14:09:20.107,4.851,7412,964.85,0.0,964.85
2026-08-14 14:09:20.317,5.06,7513,964.89,0.04,964.85
2026-08-14 14:09:20.317,5.06,7612,964.84,-0.01,964.85
2026-08-14 14:09:20.524,5.268,7712,964.95,0.1,964.85
2026-08-14 14:09:20.525,5.269,7813,964.73,-0.12,964.85
2026-08-14 14:09:20.741,5.485,7912,964.93,0.08,964.85
2026-08-14 14:09:20.741,5.485,8012,964.94,0.09,964.85
2026-08-14 14:09:20.946,5.689,8113,964.88,0.03,964.85
2026-08-14 14:09:20.947,5.69,8212,964.86,0.01,964.85
2026-08-14 14:09:21.159,5.902,8312,964.72,-0.13,964.85
2026-08-14 14:09:21.159,5.902,8412,964.9,0.05,964.85
2026-08-14 14:09:21.365,6.108,8512,964.81,-0.04,964.85
2026-08-14 14:09:21.365,6.109,8612,964.88,0.03,964.85
2026-08-14 14:09:21.571,6.315,8712,964.91,0.06,964.85
2026-08-14 14:09:21.572,6.315,8812,964.75,-0.1,964.85
2026-08-14 14:09:21.772,6.516,8912,964.93,0.08,964.85
2026-08-14 14:09:21.772,6.516,9012,964.98,0.13,964.85
2026-08-14 14:09:21.984,6.727,9112,964.87,0.02,964.85
2026-08-14 14:09:21.984,6.728,9212,964.86,0.01,964.85
2026-08-14 14:09:22.192,6.936,9312,964.94,0.09,964.85
2026-08-14 14:09:22.192,6.936,9412,964.95,0.1,964.85
2026-08-14 14:09:22.193,6.936,9512,964.91,0.06,964.85
2026-08-14 14:09:22.401,7.144,9612,964.94,0.09,964.85
2026-08-14 14:09:22.401,7.145,9712,964.93,0.08,964.85
2026-08-14 14:09:22.609,7.352,9812,964.88,0.03,964.85
2026-08-14 14:09:22.609,7.353,9912,964.88,0.03,964.85
2026-08-14 14:09:22.810,7.553,10012,964.9,0.05,964.85
2026-08-14 14:09:22.810,7.553,10113,964.91,0.06,964.85
2026-08-14 14:09:23.013,7.757,10212,964.98,0.13,964.85
2026-08-14 14:09:23.014,7.757,10312,964.95,0.1,964.85
2026-08-14 14:09:23.225,7.969,10413,964.84,-0.01,964.85
2026-08-14 14:09:23.225,7.969,10512,964.97,0.12,964.85
2026-08-14 14:09:23.432,8.176,10612,964.85,0.0,964.85
2026-08-14 14:09:23.432,8.176,10713,964.85,0.0,964.85
2026-08-14 14:09:23.640,8.383,10812,964.96,0.11,964.85
2026-08-14 14:09:23.640,8.384,10912,964.83,-0.02,964.85
2026-08-14 14:09:23.845,8.588,11013,964.86,0.01,964.85
2026-08-14 14:09:23.845,8.588,11112,964.88,0.03,964.85
2026-08-14 14:09:24.054,8.797,11212,964.87,0.02,964.85
2026-08-14 14:09:24.054,8.797,11313,964.89,0.04,964.85
2026-08-14 14:09:24.262,9.006,11412,964.88,0.03,964.85
2026-08-14 14:09:24.262,9.006,11512,964.96,0.11,964.85
2026-08-14 14:09:24.470,9.214,11612,964.95,0.1,964.85
2026-08-14 14:09:24.471,9.214,11712,964.92,0.07,964.85
2026-08-14 14:09:24.678,9.422,11812,964.89,0.04,964.85
2026-08-14 14:09:24.679,9.423,11912,964.85,0.0,964.85
2026-08-14 14:09:24.894,9.638,12012,964.9,0.05,964.85
2026-08-14 14:09:24.895,9.638,12112,964.87,0.02,964.85
2026-08-14 14:09:24.895,9.638,12212,964.98,0.13,964.85
2026-08-14 14:09:25.104,9.847,12312,964.98,0.13,964.85
2026-08-14 14:09:25.104,9.848,12412,964.85,0.0,964.85
2026-08-14 14:09:25.312,10.056,12512,964.89,0.04,964.85
2026-08-14 14:09:25.312,10.056,12612,964.94,0.09,964.85
2026-08-14 14:09:25.520,10.264,12712,964.65,-0.2,964.85
2026-08-14 14:09:25.521,10.264,12812,964.97,0.12,964.85
2026-08-14 14:09:25.728,10.472,12912,965.04,0.19,964.85
2026-08-14 14:09:25.729,10.472,13012,964.82,-0.03,964.85
2026-08-14 14:09:25.929,10.673,13112,964.97,0.12,964.85
2026-08-14 14:09:25.929,10.673,13212,964.91,0.06,964.85
2026-08-14 14:09:26.137,10.881,13313,964.92,0.07,964.85
2026-08-14 14:09:26.137,10.881,13412,964.56,-0.29,964.85
2026-08-14 14:09:26.345,11.088,13512,963.63,-1.22,964.85
2026-08-14 14:09:26.345,11.088,13613,962.9,-1.95,964.85
2026-08-14 14:09:26.554,11.297,13712,962.06,-2.79,964.85
2026-08-14 14:09:26.554,11.297,13812,961.51,-3.34,964.85
2026-08-14 14:09:26.761,11.505,13913,961.52,-3.33,964.85
2026-08-14 14:09:26.762,11.505,14012,961.81,-3.04,964.85
2026-08-14 14:09:26.964,11.708,14112,961.87,-2.98,964.85
2026-08-14 14:09:26.965,11.708,14213,961.39,-3.46,964.85
2026-08-14 14:09:27.173,11.917,14312,961.95,-2.9,964.85
2026-08-14 14:09:27.174,11.917,14412,961.93,-2.92,964.85
2026-08-14 14:09:27.381,12.125,14513,961.65,-3.2,964.85
2026-08-14 14:09:27.381,12.125,14612,961.92,-2.93,964.85
2026-08-14 14:09:27.589,12.333,14712,961.88,-2.97,964.85
2026-08-14 14:09:27.590,12.333,14812,961.87,-2.98,964.85
2026-08-14 14:09:27.799,12.542,14912,962.01,-2.84,964.85
2026-08-14 14:09:27.799,12.543,15012,961.84,-3.01,964.85
2026-08-14 14:09:27.799,12.543,15112,961.78,-3.07,964.85
2026-08-14 14:09:28.014,12.757,15212,961.83,-3.02,964.85
2026-08-14 14:09:28.014,12.757,15312,961.77,-3.08,964.85
2026-08-14 14:09:28.222,12.966,15412,961.84,-3.01,964.85
2026-08-14 14:09:28.222,12.966,15512,962.01,-2.84,964.85
2026-08-14 14:09:28.430,13.174,15612,961.83,-3.02,964.85
2026-08-14 14:09:28.431,13.174,15712,961.73,-3.12,964.85
2026-08-14 14:09:28.637,13.381,15812,961.76,-3.09,964.85
2026-08-14 14:09:28.638,13.381,15912,961.61,-3.24,964.85
2026-08-14 14:09:28.846,13.589,16012,961.92,-2.93,964.85
2026-08-14 14:09:28.848,13.591,16112,961.57,-3.28,964.85
2026-08-14 14:09:29.048,13.792,16212,961.74,-3.11,964.85
2026-08-14 14:09:29.048,13.792,16312,961.75,-3.1,964.85
2026-08-14 14:09:29.255,13.999,16412,961.65,-3.2,964.85
2026-08-14 14:09:29.256,13.999,16513,961.75,-3.1,964.85
2026-08-14 14:09:29.463,14.206,16612,961.76,-3.09,964.85
2026-08-14 14:09:29.463,14.206,16712,961.68,-3.17,964.85
2026-08-14 14:09:29.670,14.413,16813,961.57,-3.28,964.85
2026-08-14 14:09:29.670,14.414,16912,961.63,-3.22,964.85
2026-08-14 14:09:29.879,14.623,17012,961.63,-3.22,964.85
2026-08-14 14:09:29.879,14.623,17113,961.46,-3.39,964.85
2026-08-14 14:09:30.080,14.823,17212,961.51,-3.34,964.85
2026-08-14 14:09:30.080,14.824,17312,961.5,-3.35,964.85
2026-08-14 14:09:30.284,15.027,17413,961.57,-3.28,964.85
2026-08-14 14:09:30.284,15.027,17512,961.43,-3.42,964.85
2026-08-14 14:09:30.486,15.229,17612,961.3,-3.55,964.85
2026-08-14 14:09:30.486,15.23,17713,961.28,-3.57,964.85
2026-08-14 14:09:30.690,15.433,17812,961.02,-3.83,964.85
2026-08-14 14:09:30.690,15.433,17912,960.72,-4.13,964.85
2026-08-14 14:09:30.893,15.637,18012,960.6,-4.25,964.85
2026-08-14 14:09:30.894,15.637,18112,960.66,-4.19,964.85
2026-08-14 14:09:30.895,15.639,18212,960.55,-4.3,964.85
2026-08-14 14:09:31.098,15.842,18312,960.58,-4.27,964.85
2026-08-14 14:09:31.099,15.842,18412,960.56,-4.29,964.85
2026-08-14 14:09:31.307,16.051,18512,960.56,-4.29,964.85
2026-08-14 14:09:31.307,16.051,18612,960.55,-4.3,964.85
2026-08-14 14:09:31.516,16.26,18712,960.47,-4.38,964.85
2026-08-14 14:09:31.516,16.26,18812,960.33,-4.52,964.85
2026-08-14 14:09:31.725,16.469,18912,959.85,-5.0,964.85
2026-08-14 14:09:31.725,16.469,19012,959.8,-5.05,964.85
2026-08-14 14:09:31.933,16.676,19112,959.27,-5.58,964.85
2026-08-14 14:09:31.933,16.677,19212,956.18,-8.67,964.85
2026-08-14 14:09:32.134,16.877,19312,958.45,-6.4,964.85
2026-08-14 14:09:32.134,16.878,19412,963.16,-1.69,964.85
2026-08-14 14:09:32.346,17.089,19512,969.62,4.77,964.85
2026-08-14 14:09:32.346,17.09,19612,972.6,7.75,964.85
2026-08-14 14:09:32.552,17.296,19713,975.72,10.87,964.85
2026-08-14 14:09:32.553,17.296,19812,977.62,12.77,964.85
2026-08-14 14:09:32.761,17.505,19912,978.04,13.19,964.85
2026-08-14 14:09:32.761,17.505,20013,978.39,13.54,964.85
2026-08-14 14:09:32.968,17.711,20112,979.49,14.64,964.85
2026-08-14 14:09:32.968,17.712,20212,979.7,14.85,964.85
2026-08-14 14:09:33.183,17.927,20313,979.91,15.06,964.85
2026-08-14 14:09:33.184,17.927,20412,980.62,15.77,964.85
2026-08-14 14:09:33.391,18.135,20512,980.77,15.92,964.85
2026-08-14 14:09:33.391,18.135,20613,980.95,16.1,964.85
2026-08-14 14:09:33.599,18.342,20712,981.07,16.22,964.85
2026-08-14 14:09:33.599,18.342,20812,981.64,16.79,964.85
2026-08-14 14:09:33.599,18.342,20913,981.94,17.09,964.85
2026-08-14 14:09:33.808,18.552,21012,982.23,17.38,964.85
2026-08-14 14:09:33.808,18.552,21112,982.6,17.75,964.85
2026-08-14 14:09:34.017,18.761,21212,982.59,17.74,964.85
2026-08-14 14:09:34.018,18.761,21312,982.63,17.78,964.85
2026-08-14 14:09:34.220,18.964,21412,982.53,17.68,964.85
2026-08-14 14:09:34.221,18.964,21512,982.63,17.78,964.85
2026-08-14 14:09:34.428,19.172,21612,982.51,17.66,964.85
2026-08-14 14:09:34.429,19.172,21712,981.92,17.07,964.85
2026-08-14 14:09:34.637,19.38,21812,981.66,16.81,964.85
2026-08-14 14:09:34.637,19.38,21912,980.72,15.87,964.85
2026-08-14 14:09:34.845,19.589,22012,980.81,15.96,964.85
2026-08-14 14:09:34.845,19.589,22112,980.22,15.37,964.85
2026-08-14 14:09:35.052,19.795,22212,980.28,15.43,964.85
2026-08-14 14:09:35.052,19.796,22312,980.47,15.62,964.85
2026-08-14 14:09:35.254,19.998,22412,980.84,15.99,964.85
2026-08-14 14:09:35.255,19.998,22512,980.48,15.63,964.85
2026-08-14 14:09:35.461,20.205,22612,982.53,17.68,964.85
2026-08-14 14:09:35.461,20.205,22712,978.7,13.85,964.85
2026-08-14 14:09:35.668,20.412,22812,970.16,5.31,964.85
2026-08-14 14:09:35.668,20.412,22913,961.16,-3.69,964.85
2026-08-14 14:09:35.877,20.62,23012,955.8,-9.05,964.85
2026-08-14 14:09:35.877,20.621,23112,956.17,-8.68,964.85
2026-08-14 14:09:36.085,20.828,23213,957.3,-7.55,964.85
2026-08-14 14:09:36.085,20.829,23312,958.68,-6.17,964.85
2026-08-14 14:09:36.289,21.033,23412,958.87,-5.98,964.85
2026-08-14 14:09:36.289,21.033,23513,959.12,-5.73,964.85
2026-08-14 14:09:36.498,21.241,23612,960.16,-4.69,964.85
2026-08-14 14:09:36.498,21.242,23712,956.05,-8.8,964.85
2026-08-14 14:09:36.498,21.242,23813,955.64,-9.21,964.85
2026-08-14 14:09:36.706,21.449,23912,961.16,-3.69,964.85
2026-08-14 14:09:36.706,21.449,24012,960.12,-4.73,964.85
2026-08-14 14:09:36.914,21.658,24113,958.15,-6.7,964.85
2026-08-14 14:09:36.915,21.658,24212,957.95,-6.9,964.85
2026-08-14 14:09:37.123,21.867,24312,958.73,-6.12,964.85
2026-08-14 14:09:37.124,21.868,24412,958.54,-6.31,964.85
2026-08-14 14:09:37.337,22.081,24512,958.54,-6.31,964.85
2026-08-14 14:09:37.337,22.081,24612,958.63,-6.22,964.85
2026-08-14 14:09:37.546,22.289,24712,958.55,-6.3,964.85
2026-08-14 14:09:37.546,22.289,24812,958.55,-6.3,964.85
2026-08-14 14:09:37.753,22.496,24912,958.71,-6.14,964.85
2026-08-14 14:09:37.753,22.496,25012,958.63,-6.22,964.85
2026-08-14 14:09:37.962,22.705,25112,958.12,-6.73,964.85
2026-08-14 14:09:37.962,22.705,25212,958.55,-6.3,964.85
2026-08-14 14:09:38.170,22.913,25312,958.5,-6.35,964.85
2026-08-14 14:09:38.170,22.914,25412,958.66,-6.19,964.85
2026-08-14 14:09:38.372,23.116,25512,958.87,-5.98,964.85
2026-08-14 14:09:38.372,23.116,25612,958.61,-6.24,964.85
2026-08-14 14:09:38.581,23.324,25712,958.56,-6.29,964.85
2026-08-14 14:09:38.581,23.324,25812,958.6,-6.25,964.85
2026-08-14 14:09:38.789,23.533,25912,958.55,-6.3,964.85
2026-08-14 14:09:38.789,23.533,26012,958.57,-6.28,964.85
2026-08-14 14:09:38.997,23.741,26113,958.7,-6.15,964.85
2026-08-14 14:09:38.997,23.741,26212,958.79,-6.06,964.85
2026-08-14 14:09:38.998,23.741,26312,958.8,-6.05,964.85
2026-08-14 14:09:39.206,23.95,26413,959.01,-5.84,964.85
2026-08-14 14:09:39.207,23.95,26512,958.78,-6.07,964.85
2026-08-14 14:09:39.407,24.151,26612,958.8,-6.05,964.85
2026-08-14 14:09:39.408,24.151,26713,959.08,-5.77,964.85
2026-08-14 14:09:39.615,24.359,26812,958.96,-5.89,964.85
2026-08-14 14:09:39.616,24.359,26912,959.24,-5.61,964.85
2026-08-14 14:09:39.824,24.567,27013,959.31,-5.54,964.85
2026-08-14 14:09:39.824,24.567,27112,959.24,-5.61,964.85
2026-08-14 14:09:40.033,24.777,27212,959.15,-5.7,964.85
2026-08-14 14:09:40.033,24.777,27313,959.33,-5.52,964.85
2026-08-14 14:09:40.242,24.985,27412,959.28,-5.57,964.85
2026-08-14 14:09:40.243,24.987,27512,959.28,-5.57,964.85
2026-08-14 14:09:40.458,25.201,27612,959.4,-5.45,964.85
2026-08-14 14:09:40.458,25.202,27712,959.33,-5.52,964.85
2026-08-14 14:09:40.666,25.41,27812,959.4,-5.45,964.85
2026-08-14 14:09:40.666,25.41,27912,959.48,-5.37,964.85
2026-08-14 14:09:40.875,25.618,28012,959.45,-5.4,964.85
2026-08-14 14:09:40.875,25.618,28112,959.33,-5.52,964.85
2026-08-14 14:09:41.083,25.827,28212,959.23,-5.62,964.85
2026-08-14 14:09:41.083,25.827,28312,959.29,-5.56,964.85
2026-08-14 14:09:41.292,26.035,28412,959.59,-5.26,964.85
2026-08-14 14:09:41.292,26.036,28512,959.44,-5.41,964.85
2026-08-14 14:09:41.508,26.251,28612,959.29,-5.56,964.85
2026-08-14 14:09:41.508,26.251,28712,959.4,-5.45,964.85
2026-08-14 14:09:41.508,26.251,28812,959.36,-5.49,964.85
2026-08-14 14:09:41.714,26.458,28912,959.36,-5.49,964.85
2026-08-14 14:09:41.715,26.458,29012,959.33,-5.52,964.85
2026-08-14 14:09:41.923,26.667,29112,959.35,-5.5,964.85
2026-08-14 14:09:41.923,26.667,29212,959.34,-5.51,964.85
2026-08-14 14:09:42.132,26.875,29313,959.28,-5.57,964.85
2026-08-14 14:09:42.132,26.875,29412,959.34,-5.51,964.85
2026-08-14 14:09:42.340,27.084,29512,959.45,-5.4,964.85
2026-08-14 14:09:42.341,27.085,29613,959.17,-5.68,964.85
2026-08-14 14:09:42.544,27.287,29712,959.05,-5.8,964.85
2026-08-14 14:09:42.544,27.287,29812,959.1,-5.75,964.85
2026-08-14 14:09:42.750,27.493,29913,959.18,-5.67,964.85
2026-08-14 14:09:42.750,27.494,30012,958.97,-5.88,964.85
2026-08-14 14:09:42.958,27.702,30112,959.14,-5.71,964.85
2026-08-14 14:09:42.959,27.702,30213,959.02,-5.83,964.85
2026-08-14 14:09:43.167,27.911,30312,959.05,-5.8,964.85
2026-08-14 14:09:43.167,27.911,30412,959.03,-5.82,964.85
2026-08-14 14:09:43.375,28.118,30513,958.93,-5.92,964.85
2026-08-14 14:09:43.375,28.119,30612,959.1,-5.75,964.85
2026-08-14 14:09:43.577,28.321,30712,959.01,-5.84,964.85
2026-08-14 14:09:43.577,28.321,30812,958.98,-5.87,964.85
2026-08-14 14:09:43.786,28.53,30912,959.03,-5.82,964.85
2026-08-14 14:09:43.786,28.53,31012,959.08,-5.77,964.85
2026-08-14 14:09:43.995,28.738,31112,959.0,-5.85,964.85
2026-08-14 14:09:43.995,28.739,31212,959.15,-5.7,964.85
2026-08-14 14:09:43.998,28.742,31312,958.98,-5.87,964.85
2026-08-14 14:09:44.203,28.947,31412,959.27,-5.58,964.85
2026-08-14 14:09:44.203,28.947,31512,958.95,-5.9,964.85
2026-08-14 14:09:44.412,29.155,31612,958.93,-5.92,964.85
2026-08-14 14:09:44.413,29.156,31712,959.25,-5.6,964.85
2026-08-14 14:09:44.627,29.371,31812,959.0,-5.85,964.85
2026-08-14 14:09:44.628,29.371,31912,959.07,-5.78,964.85
2026-08-14 14:09:44.836,29.58,32012,959.17,-5.68,964.85
2026-08-14 14:09:44.836,29.58,32112,958.81,-6.04,964.85
2026-08-14 14:09:45.044,29.787,32212,958.64,-6.21,964.85
2026-08-14 14:09:45.044,29.787,32312,959.04,-5.81,964.85
2026-08-14 14:09:45.253,29.996,32412,959.06,-5.79,964.85
2026-08-14 14:09:45.253,29.997,32513,959.06,-5.79,964.85
2026-08-14 14:09:45.460,30.204,32612,958.91,-5.94,964.85
2026-08-14 14:09:45.461,30.204,32712,959.24,-5.61,964.85
2026-08-14 14:09:45.663,30.406,32813,958.89,-5.96,964.85
2026-08-14 14:09:45.663,30.406,32912,959.03,-5.82,964.85
2026-08-14 14:09:45.871,30.615,33012,959.05,-5.8,964.85
2026-08-14 14:09:45.872,30.615,33113,959.04,-5.81,964.85
2026-08-14 14:09:46.081,30.824,33212,959.02,-5.83,964.85
2026-08-14 14:09:46.081,30.825,33312,959.01,-5.84,964.85
2026-08-14 14:09:46.289,31.032,33413,959.01,-5.84,964.85
2026-08-14 14:09:46.289,31.033,33512,958.84,-6.01,964.85
2026-08-14 14:09:46.498,31.241,33612,959.0,-5.85,964.85
2026-08-14 14:09:46.516,31.259,33713,958.77,-6.08,964.85
2026-08-14 14:09:46.516,31.26,33812,958.91,-5.94,964.85
2026-08-14 14:09:46.727,31.471,33912,958.82,-6.03,964.85
2026-08-14 14:09:46.728,31.471,34012,958.82,-6.03,964.85
2026-08-14 14:09:46.936,31.679,34112,958.72,-6.13,964.85
2026-08-14 14:09:46.936,31.679,34212,958.87,-5.98,964.85
2026-08-14 14:09:47.145,31.888,34312,958.83,-6.02,964.85
2026-08-14 14:09:47.145,31.888,34412,958.79,-6.06,964.85
2026-08-14 14:09:47.353,32.097,34512,958.79,-6.06,964.85
2026-08-14 14:09:47.353,32.097,34612,958.84,-6.01,964.85
2026-08-14 14:09:47.562,32.305,34712,958.84,-6.01,964.85
2026-08-14 14:09:47.562,32.306,34812,958.89,-5.96,964.85
2026-08-14 14:09:47.764,32.507,34912,958.8,-6.05,964.85
2026-08-14 14:09:47.764,32.507,35012,958.89,-5.96,964.85
2026-08-14 14:09:47.973,32.717,35112,958.85,-6.0,964.85
2026-08-14 14:09:47.974,32.717,35212,958.79,-6.06,964.85
2026-08-14 14:09:48.180,32.924,35312,958.84,-6.01,964.85
2026-08-14 14:09:48.181,32.924,35412,958.6,-6.25,964.85
2026-08-14 14:09:48.390,33.134,35512,958.96,-5.89,964.85
2026-08-14 14:09:48.390,33.134,35612,958.77,-6.08,964.85
2026-08-14 14:09:48.599,33.342,35713,958.66,-6.19,964.85
2026-08-14 14:09:48.599,33.343,35812,958.86,-5.99,964.85
2026-08-14 14:09:48.599,33.343,35912,958.63,-6.22,964.85
2026-08-14 14:09:48.813,33.557,36013,959.11,-5.74,964.85
2026-08-14 14:09:48.814,33.557,36112,959.19,-5.66,964.85
2026-08-14 14:09:49.023,33.767,36212,959.71,-5.14,964.85
2026-08-14 14:09:49.023,33.767,36313,959.19,-5.66,964.85
2026-08-14 14:09:49.233,33.976,36412,958.51,-6.34,964.85
2026-08-14 14:09:49.233,33.977,36512,959.14,-5.71,964.85
2026-08-14 14:09:49.441,34.185,36613,958.94,-5.91,964.85
2026-08-14 14:09:49.441,34.185,36712,958.8,-6.05,964.85
2026-08-14 14:09:49.650,34.394,36812,958.97,-5.88,964.85
2026-08-14 14:09:49.650,34.394,36913,959.19,-5.66,964.85
2026-08-14 14:09:49.865,34.608,37012,958.93,-5.92,964.85
2026-08-14 14:09:49.865,34.608,37112,959.05,-5.8,964.85
2026-08-14 14:09:50.073,34.817,37212,958.98,-5.87,964.85
2026-08-14 14:09:50.073,34.817,37312,959.29,-5.56,964.85
2026-08-14 14:09:50.282,35.025,37412,958.99,-5.86,964.85
2026-08-14 14:09:50.282,35.025,37512,959.0,-5.85,964.85
2026-08-14 14:09:50.490,35.233,37612,958.9,-5.95,964.85
2026-08-14 14:09:50.490,35.234,37712,958.95,-5.9,964.85
2026-08-14 14:09:50.698,35.441,37812,958.94,-5.91,964.85
2026-08-14 14:09:50.698,35.442,37912,958.95,-5.9,964.85
2026-08-14 14:09:50.699,35.443,38012,958.9,-5.95,964.85
2026-08-14 14:09:50.900,35.643,38112,958.9,-5.95,964.85
2026-08-14 14:09:50.900,35.644,38212,958.94,-5.91,964.85
2026-08-14 14:09:51.109,35.852,38312,958.96,-5.89,964.85
2026-08-14 14:09:51.109,35.852,38412,958.97,-5.88,964.85
2026-08-14 14:09:51.317,36.06,38512,958.88,-5.97,964.85
2026-08-14 14:09:51.317,36.061,38612,958.94,-5.91,964.85
2026-08-14 14:09:51.523,36.266,38712,959.01,-5.84,964.85
2026-08-14 14:09:51.523,36.266,38812,958.96,-5.89,964.85
2026-08-14 14:09:51.732,36.475,38913,958.92,-5.93,964.85
2026-08-14 14:09:51.732,36.476,39012,959.01,-5.84,964.85
2026-08-14 14:09:51.934,36.678,39112,959.0,-5.85,964.85
2026-08-14 14:09:51.935,36.678,39213,959.09,-5.76,964.85
2026-08-14 14:09:52.142,36.886,39312,958.97,-5.88,964.85
2026-08-14 14:09:52.143,36.886,39412,958.94,-5.91,964.85
2026-08-14 14:09:52.350,37.094,39513,958.92,-5.93,964.85
2026-08-14 14:09:52.350,37.094,39612,958.95,-5.9,964.85
2026-08-14 14:09:52.558,37.301,39712,958.99,-5.86,964.85
2026-08-14 14:09:52.558,37.301,39813,958.86,-5.99,964.85
2026-08-14 14:09:52.766,37.51,39912,959.15,-5.7,964.85
2026-08-14 14:09:52.777,37.521,40012,959.09,-5.76,964.85
2026-08-14 14:09:52.985,37.728,40113,958.95,-5.9,964.85
2026-08-14 14:09:52.985,37.729,40212,958.97,-5.88,964.85
2026-08-14 14:09:53.193,37.937,40312,959.02,-5.83,964.85
2026-08-14 14:09:53.194,37.937,40412,959.1,-5.75,964.85
2026-08-14 14:09:53.401,38.144,40512,958.96,-5.89,964.85
2026-08-14 14:09:53.401,38.145,40612,959.04,-5.81,964.85
2026-08-14 14:09:53.401,38.145,40712,958.97,-5.88,964.85
2026-08-14 14:09:53.609,38.353,40812,959.0,-5.85,964.85
2026-08-14 14:09:53.609,38.353,40912,959.09,-5.76,964.85
2026-08-14 14:09:53.817,38.561,41012,959.06,-5.79,964.85
2026-08-14 14:09:53.817,38.561,41112,958.98,-5.87,964.85
2026-08-14 14:09:54.020,38.764,41212,958.98,-5.87,964.85
2026-08-14 14:09:54.020,38.764,41312,959.05,-5.8,964.85
2026-08-14 14:09:54.228,38.972,41412,959.01,-5.84,964.85
2026-08-14 14:09:54.228,38.972,41512,959.02,-5.83,964.85
2026-08-14 14:09:54.437,39.181,41612,959.16,-5.69,964.85
2026-08-14 14:09:54.437,39.181,41712,959.08,-5.77,964.85
2026-08-14 14:09:54.646,39.39,41812,959.05,-5.8,964.85
2026-08-14 14:09:54.647,39.39,41912,959.06,-5.79,964.85
2026-08-14 14:09:54.854,39.598,42012,959.03,-5.82,964.85
2026-08-14 14:09:54.854,39.598,42113,959.06,-5.79,964.85
2026-08-14 14:09:55.070,39.813,42212,959.04,-5.81,964.85
2026-08-14 14:09:55.070,39.814,42312,959.05,-5.8,964.85
2026-08-14 14:09:55.278,40.022,42413,959.07,-5.78,964.85
2026-08-14 14:09:55.278,40.022,42512,959.17,-5.68,964.85
2026-08-14 14:09:55.485,40.228,42612,959.0,-5.85,964.85
2026-08-14 14:09:55.485,40.229,42713,959.1,-5.75,964.85
2026-08-14 14:09:55.694,40.437,42812,959.03,-5.82,964.85
2026-08-14 14:09:55.694,40.438,42912,959.05,-5.8,964.85
2026-08-14 14:09:55.903,40.646,43013,959.06,-5.79,964.85
2026-08-14 14:09:55.903,40.647,43112,959.13,-5.72,964.85
2026-08-14 14:09:55.903,40.647,43212,958.97,-5.88,964.85
2026-08-14 14:09:56.105,40.849,43313,959.13,-5.72,964.85
2026-08-14 14:09:56.105,40.849,43412,958.97,-5.88,964.85
2026-08-14 14:09:56.314,41.058,43512,959.04,-5.81,964.85
2026-08-14 14:09:56.314,41.058,43612,959.08,-5.77,964.85
2026-08-14 14:09:56.522,41.265,43712,959.03,-5.82,964.85
2026-08-14 14:09:56.522,41.266,43812,959.08,-5.77,964.85
2026-08-14 14:09:56.729,41.472,43912,959.09,-5.76,964.85
2026-08-14 14:09:56.729,41.472,44012,959.08,-5.77,964.85
2026-08-14 14:09:56.938,41.681,44112,959.15,-5.7,964.85
2026-08-14 14:09:56.947,41.691,44212,958.99,-5.86,964.85
2026-08-14 14:09:57.154,41.898,44312,959.2,-5.65,964.85
2026-08-14 14:09:57.154,41.898,44412,959.04,-5.81,964.85
2026-08-14 14:09:57.362,42.105,44512,959.1,-5.75,964.85
2026-08-14 14:09:57.362,42.106,44612,959.06,-5.79,964.85
2026-08-14 14:09:57.570,42.313,44712,959.05,-5.8,964.85
2026-08-14 14:09:57.570,42.314,44812,959.09,-5.76,964.85
2026-08-14 14:09:57.778,42.521,44912,959.17,-5.68,964.85
2026-08-14 14:09:57.778,42.522,45012,959.01,-5.84,964.85
2026-08-14 14:09:57.987,42.731,45112,959.02,-5.83,964.85
2026-08-14 14:09:57.988,42.731,45212,959.1,-5.75,964.85
2026-08-14 14:09:58.189,42.932,45313,959.01,-5.84,964.85
2026-08-14 14:09:58.189,42.933,45412,959.02,-5.83,964.85
2026-08-14 14:09:58.397,43.141,45512,959.17,-5.68,964.85
2026-08-14 14:09:58.398,43.141,45613,959.05,-5.8,964.85
2026-08-14 14:09:58.606,43.35,45712,959.03,-5.82,964.85
2026-08-14 14:09:58.607,43.35,45812,959.06,-5.79,964.85
2026-08-14 14:09:58.607,43.35,45913,959.06,-5.79,964.85
2026-08-14 14:09:58.815,43.559,46012,959.11,-5.74,964.85
2026-08-14 14:09:58.815,43.559,46112,959.17,-5.68,964.85
2026-08-14 14:09:59.023,43.766,46213,959.07,-5.78,964.85
2026-08-14 14:09:59.023,43.767,46312,959.02,-5.83,964.85
2026-08-14 14:09:59.224,43.968,46412,959.09,-5.76,964.85
2026-08-14 14:09:59.225,43.968,46513,959.09,-5.76,964.85
2026-08-14 14:09:59.433,44.176,46612,959.15,-5.7,964.85
2026-08-14 14:09:59.433,44.176,46712,959.12,-5.73,964.85
2026-08-14 14:09:59.642,44.385,46812,959.12,-5.73,964.85
2026-08-14 14:09:59.642,44.385,46912,959.12,-5.73,964.85
2026-08-14 14:09:59.849,44.592,47012,959.12,-5.73,964.85
2026-08-14 14:09:59.849,44.592,47112,959.09,-5.76,964.85
2026-08-14 14:10:00.057,44.8,47212,959.1,-5.75,964.85
2026-08-14 14:10:00.057,44.8,47312,959.19,-5.66,964.85
2026-08-14 14:10:00.258,45.002,47412,959.09,-5.76,964.85
2026-08-14 14:10:00.258,45.002,47512,959.01,-5.84,964.85
2026-08-14 14:10:00.465,45.209,47612,959.17,-5.68,964.85
2026-08-14 14:10:00.465,45.209,47712,959.11,-5.74,964.85
2026-08-14 14:10:00.674,45.417,47812,959.14,-5.71,964.85
2026-08-14 14:10:00.674,45.417,47912,959.2,-5.65,964.85
2026-08-14 14:10:00.882,45.626,48012,959.15,-5.7,964.85
2026-08-14 14:10:00.883,45.626,48112,959.13,-5.72,964.85
2026-08-14 14:10:01.091,45.835,48212,959.22,-5.63,964.85
2026-08-14 14:10:01.092,45.836,48312,959.24,-5.61,964.85
2026-08-14 14:10:01.293,46.036,48412,959.23,-5.62,964.85
2026-08-14 14:10:01.293,46.037,48513,959.24,-5.61,964.85
2026-08-14 14:10:01.500,46.244,48612,959.24,-5.61,964.85
2026-08-14 14:10:01.500,46.244,48712,959.17,-5.68,964.85
2026-08-14 14:10:01.501,46.244,48813,959.15,-5.7,964.85
2026-08-14 14:10:01.707,46.451,48912,959.22,-5.63,964.85
2026-08-14 14:10:01.708,46.451,49012,959.15,-5.7,964.85
2026-08-14 14:10:01.917,46.66,49113,959.24,-5.61,964.85
2026-08-14 14:10:01.917,46.66,49212,959.24,-5.61,964.85
2026-08-14 14:10:02.125,46.868,49312,959.27,-5.58,964.85
2026-08-14 14:10:02.133,46.876,49413,959.2,-5.65,964.85
2026-08-14 14:10:02.343,47.086,49512,959.18,-5.67,964.85
2026-08-14 14:10:02.343,47.086,49612,959.1,-5.75,964.85
2026-08-14 14:10:02.551,47.295,49713,959.16,-5.69,964.85
2026-08-14 14:10:02.552,47.295,49812,959.17,-5.68,964.85
2026-08-14 14:10:02.759,47.502,49912,959.21,-5.64,964.85
2026-08-14 14:10:02.759,47.502,50012,959.22,-5.63,964.85
2026-08-14 14:10:02.967,47.71,50112,959.36,-5.49,964.85
2026-08-14 14:10:02.967,47.71,50212,959.23,-5.62,964.85
2026-08-14 14:10:03.174,47.917,50312,959.21,-5.64,964.85
2026-08-14 14:10:03.175,47.918,50412,959.27,-5.58,964.85
2026-08-14 14:10:03.376,48.12,50512,959.11,-5.74,964.85
2026-08-14 14:10:03.377,48.12,50612,959.3,-5.55,964.85
2026-08-14 14:10:03.585,48.328,50712,959.3,-5.55,964.85
2026-08-14 14:10:03.585,48.329,50812,959.25,-5.6,964.85
2026-08-14 14:10:03.794,48.537,50912,959.22,-5.63,964.85
2026-08-14 14:10:03.794,48.538,51012,959.28,-5.57,964.85
2026-08-14 14:10:04.002,48.745,51112,959.2,-5.65,964.85
2026-08-14 14:10:04.002,48.745,51212,959.36,-5.49,964.85
2026-08-14 14:10:04.002,48.746,51312,959.24,-5.61,964.85
2026-08-14 14:10:04.210,48.953,51412,959.19,-5.66,964.85
2026-08-14 14:10:04.226,48.969,51512,959.33,-5.52,964.85
2026-08-14 14:10:04.429,49.172,51612,959.25,-5.6,964.85
2026-08-14 14:10:04.429,49.172,51713,959.28,-5.57,964.85
2026-08-14 14:10:04.636,49.38,51812,959.34,-5.51,964.85
2026-08-14 14:10:04.637,49.38,51912,959.25,-5.6,964.85
2026-08-14 14:10:04.845,49.588,52013,959.28,-5.57,964.85
2026-08-14 14:10:04.845,49.589,52112,959.32,-5.53,964.85
2026-08-14 14:10:05.053,49.797,52212,959.3,-5.55,964.85
2026-08-14 14:10:05.054,49.797,52313,959.27,-5.58,964.85
2026-08-14 14:10:05.262,50.005,52412,959.31,-5.54,964.85
2026-08-14 14:10:05.262,50.006,52512,959.26,-5.59,964.85
2026-08-14 14:10:05.477,50.221,52613,959.19,-5.66,964.85
2026-08-14 14:10:05.478,50.221,52712,959.28,-5.57,964.85
2026-08-14 14:10:05.686,50.429,52812,959.22,-5.63,964.85
2026-08-14 14:10:05.686,50.43,52913,959.26,-5.59,964.85
2026-08-14 14:10:05.895,50.638,53012,959.22,-5.63,964.85
2026-08-14 14:10:05.895,50.638,53112,959.34,-5.51,964.85
2026-08-14 14:10:06.103,50.846,53212,959.18,-5.67,964.85
2026-08-14 14:10:06.103,50.846,53312,959.21,-5.64,964.85
2026-08-14 14:10:06.103,50.847,53412,959.32,-5.53,964.85
2026-08-14 14:10:06.311,51.054,53512,959.31,-5.54,964.85
2026-08-14 14:10:06.311,51.054,53612,959.24,-5.61,964.85
2026-08-14 14:10:06.514,51.257,53712,959.16,-5.69,964.85
2026-08-14 14:10:06.514,51.258,53812,959.2,-5.65,964.85
2026-08-14 14:10:06.721,51.464,53912,959.21,-5.64,964.85
2026-08-14 14:10:06.721,51.465,54012,959.22,-5.63,964.85
2026-08-14 14:10:06.930,51.674,54112,959.35,-5.5,964.85
2026-08-14 14:10:06.931,51.674,54212,959.26,-5.59,964.85
2026-08-14 14:10:07.138,51.882,54312,959.32,-5.53,964.85
2026-08-14 14:10:07.138,51.882,54412,959.39,-5.46,964.85
2026-08-14 14:10:07.345,52.088,54512,959.28,-5.57,964.85
2026-08-14 14:10:07.345,52.089,54612,959.3,-5.55,964.85
2026-08-14 14:10:07.548,52.291,54712,959.3,-5.55,964.85
2026-08-14 14:10:07.548,52.292,54812,959.31,-5.54,964.85
2026-08-14 14:10:07.755,52.499,54913,959.34,-5.51,964.85
2026-08-14 14:10:07.755,52.499,55012,959.34,-5.51,964.85
2026-08-14 14:10:07.963,52.707,55112,959.26,-5.59,964.85
2026-08-14 14:10:07.964,52.707,55213,959.37,-5.48,964.85
2026-08-14 14:10:08.172,52.916,55312,959.22,-5.63,964.85
2026-08-14 14:10:08.172,52.916,55412,959.36,-5.49,964.85
2026-08-14 14:10:08.381,53.125,55513,959.32,-5.53,964.85
2026-08-14 14:10:08.382,53.125,55612,959.32,-5.53,964.85
2026-08-14 14:10:08.597,53.34,55712,959.3,-5.55,964.85
2026-08-14 14:10:08.597,53.341,55813,959.37,-5.48,964.85
2026-08-14 14:10:08.805,53.548,55912,959.34,-5.51,964.85
2026-08-14 14:10:08.805,53.549,56012,959.32,-5.53,964.85
2026-08-14 14:10:08.805,53.549,56113,959.32,-5.53,964.85
2026-08-14 14:10:09.012,53.755,56212,959.37,-5.48,964.85
2026-08-14 14:10:09.012,53.755,56312,959.33,-5.52,964.85
2026-08-14 14:10:09.220,53.964,56412,959.34,-5.51,964.85
2026-08-14 14:10:09.220,53.964,56512,959.3,-5.55,964.85
2026-08-14 14:10:09.427,54.171,56612,959.25,-5.6,964.85
2026-08-14 14:10:09.428,54.171,56712,959.27,-5.58,964.85
2026-08-14 14:10:09.632,54.376,56812,959.21,-5.64,964.85
2026-08-14 14:10:09.632,54.376,56912,959.25,-5.6,964.85
2026-08-14 14:10:09.841,54.585,57012,959.29,-5.56,964.85
2026-08-14 14:10:09.841,54.585,57112,959.38,-5.47,964.85
2026-08-14 14:10:10.049,54.793,57212,959.42,-5.43,964.85
2026-08-14 14:10:10.049,54.793,57312,959.27,-5.58,964.85
2026-08-14 14:10:10.257,55.001,57412,959.26,-5.59,964.85
2026-08-14 14:10:10.257,55.001,57512,959.42,-5.43,964.85
2026-08-14 14:10:10.464,55.208,57612,959.37,-5.48,964.85
2026-08-14 14:10:10.465,55.208,57712,959.32,-5.53,964.85
2026-08-14 14:10:10.666,55.41,57812,959.29,-5.56,964.85
2026-08-14 14:10:10.666,55.41,57912,959.35,-5.5,964.85
2026-08-14 14:10:10.875,55.619,58012,959.34,-5.51,964.85
2026-08-14 14:10:10.875,55.619,58113,959.3,-5.55,964.85
2026-08-14 14:10:11.084,55.827,58212,959.25,-5.6,964.85
2026-08-14 14:10:11.084,55.827,58312,959.31,-5.54,964.85
2026-08-14 14:10:11.293,56.036,58413,959.37,-5.48,964.85
2026-08-14 14:10:11.293,56.037,58512,959.31,-5.54,964.85
2026-08-14 14:10:11.501,56.245,58612,959.3,-5.55,964.85
2026-08-14 14:10:11.517,56.261,58713,959.45,-5.4,964.85
2026-08-14 14:10:11.517,56.261,58812,959.34,-5.51,964.85
2026-08-14 14:10:11.718,56.462,58912,959.39,-5.46,964.85
2026-08-14 14:10:11.718,56.462,59013,959.43,-5.42,964.85
2026-08-14 14:10:11.928,56.672,59112,959.31,-5.54,964.85
2026-08-14 14:10:11.928,56.672,59212,959.36,-5.49,964.85
2026-08-14 14:10:12.137,56.88,59313,959.4,-5.45,964.85
2026-08-14 14:10:12.137,56.88,59412,959.28,-5.57,964.85
2026-08-14 14:10:12.345,57.089,59512,959.36,-5.49,964.85
2026-08-14 14:10:12.346,57.089,59612,959.33,-5.52,964.85
2026-08-14 14:10:12.554,57.297,59712,959.26,-5.59,964.85
2026-08-14 14:10:12.561,57.305,59812,959.31,-5.54,964.85
2026-08-14 14:10:12.767,57.51,59912,959.31,-5.54,964.85
2026-08-14 14:10:12.767,57.51,60012,959.3,-5.55,964.85
2026-08-14 14:10:12.975,57.719,60112,959.34,-5.51,964.85
2026-08-14 14:10:12.975,57.719,60212,959.24,-5.61,964.85
2026-08-14 14:10:13.185,57.929,60312,959.33,-5.52,964.85
2026-08-14 14:10:13.185,57.929,60412,959.32,-5.53,964.85
2026-08-14 14:10:13.393,58.136,60512,959.38,-5.47,964.85
2026-08-14 14:10:13.393,58.136,60612,959.3,-5.55,964.85
2026-08-14 14:10:13.601,58.344,60712,959.4,-5.45,964.85
2026-08-14 14:10:13.601,58.345,60812,959.42,-5.43,964.85
2026-08-14 14:10:13.804,58.548,60912,959.3,-5.55,964.85
2026-08-14 14:10:13.804,58.548,61012,959.38,-5.47,964.85
2026-08-14 14:10:13.804,58.548,61112,959.35,-5.5,964.85
2026-08-14 14:10:14.013,58.757,61212,959.44,-5.41,964.85
2026-08-14 14:10:14.013,58.757,61313,959.3,-5.55,964.85
2026-08-14 14:10:14.222,58.965,61412,959.29,-5.56,964.85
2026-08-14 14:10:14.222,58.966,61512,959.27,-5.58,964.85
2026-08-14 14:10:14.430,59.174,61613,959.26,-5.59,964.85
2026-08-14 14:10:14.430,59.174,61712,959.28,-5.57,964.85
2026-08-14 14:10:14.639,59.383,61812,959.32,-5.53,964.85
2026-08-14 14:10:14.647,59.391,61913,959.22,-5.63,964.85
2026-08-14 14:10:14.853,59.597,62012,959.2,-5.65,964.85
2026-08-14 14:10:14.854,59.597,62112,959.37,-5.48,964.85
2026-08-14 14:10:15.063,59.806,62213,959.22,-5.63,964.85
2026-08-14 14:10:15.063,59.806,62312,959.31,-5.54,964.85
2026-08-14 14:10:15.270,60.013,62412,959.21,-5.64,964.85
2026-08-14 14:10:15.270,60.013,62513,959.19,-5.66,964.85
2026-08-14 14:10:15.478,60.221,62612,959.35,-5.5,964.85
2026-08-14 14:10:15.478,60.222,62712,959.3,-5.55,964.85
2026-08-14 14:10:15.686,60.429,62812,959.32,-5.53,964.85
2026-08-14 14:10:15.686,60.43,62912,959.16,-5.69,964.85
2026-08-14 14:10:15.887,60.631,63012,959.42,-5.43,964.85
2026-08-14 14:10:15.887,60.631,63112,959.26,-5.59,964.85
2026-08-14 14:10:16.097,60.84,63212,959.32,-5.53,964.85
2026-08-14 14:10:16.097,60.84,63312,959.31,-5.54,964.85
2026-08-14 14:10:16.305,61.049,63412,959.24,-5.61,964.85
2026-08-14 14:10:16.306,61.049,63512,959.32,-5.53,964.85
2026-08-14 14:10:16.306,61.049,63612,959.26,-5.59,964.85
2026-08-14 14:10:16.514,61.258,63712,959.25,-5.6,964.85
2026-08-14 14:10:16.514,61.258,63812,959.22,-5.63,964.85
2026-08-14 14:10:16.715,61.458,63912,959.27,-5.58,964.85
2026-08-14 14:10:16.715,61.459,64012,959.32,-5.53,964.85
2026-08-14 14:10:16.925,61.669,64112,959.37,-5.48,964.85
2026-08-14 14:10:16.926,61.669,64212,959.31,-5.54,964.85
2026-08-14 14:10:17.126,61.87,64312,959.25,-5.6,964.85
2026-08-14 14:10:17.127,61.87,64412,959.13,-5.72,964.85
2026-08-14 14:10:17.327,62.071,64513,959.49,-5.36,964.85
2026-08-14 14:10:17.327,62.071,64612,959.36,-5.49,964.85
2026-08-14 14:10:17.543,62.286,64712,959.12,-5.73,964.85
2026-08-14 14:10:17.543,62.286,64813,959.09,-5.76,964.85
2026-08-14 14:10:17.744,62.488,64912,959.14,-5.71,964.85
2026-08-14 14:10:17.744,62.488,65012,959.23,-5.62,964.85
2026-08-14 14:10:17.948,62.691,65113,959.33,-5.52,964.85
2026-08-14 14:10:17.948,62.691,65212,959.27,-5.58,964.85
2026-08-14 14:10:18.159,62.903,65312,959.37,-5.48,964.85
2026-08-14 14:10:18.159,62.903,65413,959.29,-5.56,964.85
2026-08-14 14:10:18.368,63.112,65512,959.37,-5.48,964.85
2026-08-14 14:10:18.368,63.112,65612,959.35,-5.5,964.85
2026-08-14 14:10:18.576,63.32,65713,959.34,-5.51,964.85
2026-08-14 14:10:18.576,63.32,65812,959.32,-5.53,964.85
2026-08-14 14:10:18.785,63.528,65912,959.28,-5.57,964.85
2026-08-14 14:10:18.785,63.529,66012,959.2,-5.65,964.85
2026-08-14 14:10:18.992,63.735,66112,959.31,-5.54,964.85
2026-08-14 14:10:18.992,63.736,66212,959.3,-5.55,964.85
2026-08-14 14:10:19.201,63.945,66312,959.39,-5.46,964.85
2026-08-14 14:10:19.201,63.945,66412,959.42,-5.43,964.85
2026-08-14 14:10:19.410,64.153,66512,959.39,-5.46,964.85
2026-08-14 14:10:19.410,64.153,66612,959.43,-5.42,964.85
2026-08-14 14:10:19.410,64.153,66712,959.21,-5.64,964.85
2026-08-14 14:10:19.618,64.361,66812,959.28,-5.57,964.85
2026-08-14 14:10:19.618,64.362,66912,959.27,-5.58,964.85
2026-08-14 14:10:19.826,64.569,67012,959.33,-5.52,964.85
2026-08-14 14:10:19.826,64.57,67112,959.31,-5.54,964.85
2026-08-14 14:10:20.027,64.77,67212,959.18,-5.67,964.85
2026-08-14 14:10:20.027,64.77,67312,959.33,-5.52,964.85
2026-08-14 14:10:20.237,64.981,67412,959.33,-5.52,964.85
2026-08-14 14:10:20.237,64.981,67512,959.2,-5.65,964.85
2026-08-14 14:10:20.443,65.187,67612,959.28,-5.57,964.85
2026-08-14 14:10:20.443,65.187,67713,959.37,-5.48,964.85
2026-08-14 14:10:20.651,65.394,67812,959.39,-5.46,964.85
2026-08-14 14:10:20.651,65.394,67912,959.4,-5.45,964.85
2026-08-14 14:10:20.859,65.602,68013,959.42,-5.43,964.85
2026-08-14 14:10:20.859,65.603,68112,959.33,-5.52,964.85
2026-08-14 14:10:21.060,65.803,68212,959.29,-5.56,964.85
2026-08-14 14:10:21.060,65.804,68313,959.4,-5.45,964.85
2026-08-14 14:10:21.267,66.011,68412,959.33,-5.52,964.85
2026-08-14 14:10:21.267,66.011,68512,959.3,-5.55,964.85
2026-08-14 14:10:21.474,66.217,68613,959.31,-5.54,964.85
2026-08-14 14:10:21.474,66.217,68712,959.3,-5.55,964.85
2026-08-14 14:10:21.680,66.424,68812,959.3,-5.55,964.85
2026-08-14 14:10:21.680,66.424,68913,959.28,-5.57,964.85
2026-08-14 14:10:21.885,66.629,69012,959.43,-5.42,964.85
2026-08-14 14:10:21.886,66.629,69112,959.43,-5.42,964.85
2026-08-14 14:10:22.090,66.834,69212,959.29,-5.56,964.85
2026-08-14 14:10:22.090,66.834,69312,959.36,-5.49,964.85
2026-08-14 14:10:22.295,67.039,69412,959.37,-5.48,964.85
2026-08-14 14:10:22.295,67.039,69512,959.42,-5.43,964.85
2026-08-14 14:10:22.502,67.245,69612,959.36,-5.49,964.85
2026-08-14 14:10:22.502,67.245,69712,959.47,-5.38,964.85
2026-08-14 14:10:22.708,67.452,69812,959.42,-5.43,964.85
2026-08-14 14:10:22.709,67.452,69912,959.46,-5.39,964.85
2026-08-14 14:10:22.709,67.452,70012,959.42,-5.43,964.85
2026-08-14 14:10:22.916,67.659,70112,959.43,-5.42,964.85
2026-08-14 14:10:22.916,67.66,70212,959.32,-5.53,964.85
2026-08-14 14:10:23.126,67.87,70312,959.34,-5.51,964.85
2026-08-14 14:10:23.126,67.87,70412,959.44,-5.41,964.85
2026-08-14 14:10:23.337,68.08,70512,959.35,-5.5,964.85
2026-08-14 14:10:23.337,68.08,70612,959.4,-5.45,964.85
2026-08-14 14:10:23.541,68.285,70712,959.44,-5.41,964.85
2026-08-14 14:10:23.541,68.285,70812,959.36,-5.49,964.85
2026-08-14 14:10:23.747,68.49,70913,959.4,-5.45,964.85
2026-08-14 14:10:23.747,68.491,71012,959.55,-5.3,964.85
2026-08-14 14:10:23.952,68.696,71112,959.41,-5.44,964.85
2026-08-14 14:10:23.952,68.696,71213,959.39,-5.46,964.85
2026-08-14 14:10:24.160,68.904,71312,959.37,-5.48,964.85
2026-08-14 14:10:24.161,68.904,71412,959.43,-5.42,964.85
2026-08-14 14:10:24.364,69.108,71513,959.32,-5.53,964.85
2026-08-14 14:10:24.364,69.108,71612,959.41,-5.44,964.85
2026-08-14 14:10:24.567,69.311,71712,959.41,-5.44,964.85
2026-08-14 14:10:24.568,69.311,71813,959.44,-5.41,964.85
2026-08-14 14:10:24.775,69.518,71912,959.41,-5.44,964.85
2026-08-14 14:10:24.775,69.519,72012,959.45,-5.4,964.85
2026-08-14 14:10:24.981,69.725,72113,959.44,-5.41,964.85
2026-08-14 14:10:24.983,69.727,72212,959.38,-5.47,964.85
2026-08-14 14:10:25.196,69.939,72312,959.34,-5.51,964.85
2026-08-14 14:10:25.196,69.94,72412,959.4,-5.45,964.85
2026-08-14 14:10:25.401,70.145,72512,959.37,-5.48,964.85
2026-08-14 14:10:25.401,70.145,72612,959.33,-5.52,964.85
2026-08-14 14:10:25.608,70.351,72712,959.35,-5.5,964.85
2026-08-14 14:10:25.608,70.351,72812,959.35,-5.5,964.85
2026-08-14 14:10:25.608,70.351,72912,959.34,-5.51,964.85
2026-08-14 14:10:25.814,70.558,73012,959.38,-5.47,964.85
2026-08-14 14:10:25.814,70.558,73112,959.41,-5.44,964.85
2026-08-14 14:10:26.018,70.762,73212,959.43,-5.42,964.85
2026-08-14 14:10:26.019,70.762,73312,959.33,-5.52,964.85
2026-08-14 14:10:26.227,70.971,73412,959.39,-5.46,964.85
2026-08-14 14:10:26.228,70.971,73512,959.4,-5.45,964.85
2026-08-14 14:10:26.436,71.179,73612,959.42,-5.43,964.85
2026-08-14 14:10:26.436,71.18,73712,959.4,-5.45,964.85
2026-08-14 14:10:26.639,71.383,73812,959.45,-5.4,964.85
2026-08-14 14:10:26.640,71.383,73912,959.49,-5.36,964.85
2026-08-14 14:10:26.844,71.588,74012,959.48,-5.37,964.85
2026-08-14 14:10:26.845,71.588,74113,959.37,-5.48,964.85
2026-08-14 14:10:27.055,71.799,74212,959.41,-5.44,964.85
2026-08-14 14:10:27.061,71.804,74312,959.45,-5.4,964.85
2026-08-14 14:10:27.263,72.007,74413,959.37,-5.48,964.85
2026-08-14 14:10:27.264,72.007,74512,959.46,-5.39,964.85
2026-08-14 14:10:27.469,72.212,74612,959.5,-5.35,964.85
2026-08-14 14:10:27.469,72.212,74713,959.39,-5.46,964.85
2026-08-14 14:10:27.674,72.418,74812,959.42,-5.43,964.85
2026-08-14 14:10:27.674,72.418,74912,959.46,-5.39,964.85
2026-08-14 14:10:27.881,72.624,75013,959.43,-5.42,964.85
2026-08-14 14:10:27.881,72.624,75112,959.43,-5.42,964.85
2026-08-14 14:10:28.088,72.831,75212,959.41,-5.44,964.85
2026-08-14 14:10:28.088,72.831,75313,959.41,-5.44,964.85
2026-08-14 14:10:28.298,73.041,75412,959.51,-5.34,964.85
2026-08-14 14:10:28.298,73.042,75512,959.44,-5.41,964.85
2026-08-14 14:10:28.504,73.247,75612,959.51,-5.34,964.85
2026-08-14 14:10:28.504,73.247,75712,959.31,-5.54,964.85
2026-08-14 14:10:28.508,73.251,75812,959.37,-5.48,964.85
2026-08-14 14:10:28.711,73.455,75912,959.4,-5.45,964.85
2026-08-14 14:10:28.711,73.455,76012,959.4,-5.45,964.85
2026-08-14 14:10:28.917,73.66,76112,959.45,-5.4,964.85
2026-08-14 14:10:28.917,73.66,76212,959.42,-5.43,964.85
2026-08-14 14:10:29.124,73.867,76312,959.49,-5.36,964.85
2026-08-14 14:10:29.124,73.868,76412,959.5,-5.35,964.85
2026-08-14 14:10:29.326,74.069,76512,959.49,-5.36,964.85
2026-08-14 14:10:29.326,74.069,76612,959.49,-5.36,964.85
2026-08-14 14:10:29.528,74.271,76712,959.49,-5.36,964.85
2026-08-14 14:10:29.528,74.271,76812,959.51,-5.34,964.85
2026-08-14 14:10:29.734,74.477,76912,959.48,-5.37,964.85
2026-08-14 14:10:29.734,74.477,77012,959.43,-5.42,964.85
2026-08-14 14:10:29.934,74.678,77112,959.38,-5.47,964.85
2026-08-14 14:10:29.934,74.678,77212,959.48,-5.37,964.85
2026-08-14 14:10:30.142,74.885,77313,959.47,-5.38,964.85
2026-08-14 14:10:30.142,74.885,77412,959.41,-5.44,964.85
2026-08-14 14:10:30.350,75.093,77512,959.46,-5.39,964.85
2026-08-14 14:10:30.350,75.094,77613,959.41,-5.44,964.85
2026-08-14 14:10:30.576,75.32,77712,959.43,-5.42,964.85
2026-08-14 14:10:30.576,75.32,77812,959.42,-5.43,964.85
2026-08-14 14:10:30.778,75.522,77913,959.43,-5.42,964.85
2026-08-14 14:10:30.779,75.522,78012,959.42,-5.43,964.85
2026-08-14 14:10:30.981,75.725,78112,959.34,-5.51,964.85
2026-08-14 14:10:30.982,75.725,78213,959.62,-5.23,964.85
2026-08-14 14:10:31.183,75.927,78312,959.55,-5.3,964.85
2026-08-14 14:10:31.183,75.927,78412,959.4,-5.45,964.85
2026-08-14 14:10:31.385,76.129,78513,959.51,-5.34,964.85
2026-08-14 14:10:31.386,76.129,78612,959.46,-5.39,964.85
2026-08-14 14:10:31.588,76.332,78712,959.41,-5.44,964.85
2026-08-14 14:10:31.589,76.332,78812,959.42,-5.43,964.85
2026-08-14 14:10:31.796,76.539,78912,959.44,-5.41,964.85
2026-08-14 14:10:31.796,76.54,79012,959.48,-5.37,964.85
2026-08-14 14:10:32.002,76.746,79112,959.45,-5.4,964.85
2026-08-14 14:10:32.002,76.746,79212,959.49,-5.36,964.85
2026-08-14 14:10:32.209,76.952,79312,959.42,-5.43,964.85
2026-08-14 14:10:32.209,76.953,79412,959.46,-5.39,964.85
2026-08-14 14:10:32.209,76.953,79512,959.4,-5.45,964.85
2026-08-14 14:10:32.418,77.162,79612,959.43,-5.42,964.85
2026-08-14 14:10:32.418,77.162,79712,959.4,-5.45,964.85
2026-08-14 14:10:32.625,77.369,79812,959.52,-5.33,964.85
2026-08-14 14:10:32.626,77.369,79912,959.4,-5.45,964.85
2026-08-14 14:10:32.876,77.62,80012,959.47,-5.38,964.85
2026-08-14 14:10:32.876,77.62,80112,959.42,-5.43,964.85
2026-08-14 14:10:33.078,77.821,80212,959.47,-5.38,964.85
2026-08-14 14:10:33.078,77.822,80312,959.62,-5.23,964.85
2026-08-14 14:10:33.291,78.034,80412,959.49,-5.36,964.85
2026-08-14 14:10:33.291,78.035,80513,959.41,-5.44,964.85
2026-08-14 14:10:33.501,78.244,80612,959.51,-5.34,964.85
2026-08-14 14:10:33.501,78.244,80712,959.46,-5.39,964.85
2026-08-14 14:10:33.702,78.445,80813,959.49,-5.36,964.85
2026-08-14 14:10:33.702,78.445,80912,959.49,-5.36,964.85
2026-08-14 14:10:33.914,78.657,81012,959.51,-5.34,964.85
2026-08-14 14:10:33.914,78.658,81113,959.46,-5.39,964.85
2026-08-14 14:10:33.914,78.658,81212,959.51,-5.34,964.85
2026-08-14 14:10:34.120,78.864,81312,959.53,-5.32,964.85
2026-08-14 14:10:34.120,78.864,81413,959.45,-5.4,964.85
2026-08-14 14:10:34.326,79.07,81512,959.37,-5.48,964.85
2026-08-14 14:10:34.327,79.07,81612,959.42,-5.43,964.85
2026-08-14 14:10:34.536,79.28,81713,959.58,-5.27,964.85
2026-08-14 14:10:34.537,79.28,81812,959.54,-5.31,964.85
2026-08-14 14:10:34.745,79.488,81912,959.45,-5.4,964.85
2026-08-14 14:10:34.745,79.488,82012,959.56,-5.29,964.85
2026-08-14 14:10:34.951,79.694,82112,959.55,-5.3,964.85
2026-08-14 14:10:34.951,79.694,82212,959.62,-5.23,964.85
2026-08-14 14:10:35.158,79.902,82312,959.6,-5.25,964.85
2026-08-14 14:10:35.158,79.902,82412,959.59,-5.26,964.85
2026-08-14 14:10:35.364,80.108,82512,959.55,-5.3,964.85
2026-08-14 14:10:35.365,80.108,82612,959.55,-5.3,964.85
2026-08-14 14:10:35.570,80.313,82712,959.44,-5.41,964.85
2026-08-14 14:10:35.570,80.314,82812,959.5,-5.35,964.85
2026-08-14 14:10:35.777,80.52,82912,959.48,-5.37,964.85
2026-08-14 14:10:35.777,80.521,83012,959.51,-5.34,964.85
2026-08-14 14:10:35.980,80.724,83112,959.5,-5.35,964.85
2026-08-14 14:10:35.980,80.724,83212,959.56,-5.29,964.85
2026-08-14 14:10:36.194,80.937,83312,959.45,-5.4,964.85
2026-08-14 14:10:36.194,80.937,83412,959.43,-5.42,964.85
2026-08-14 14:10:36.415,81.158,83512,959.45,-5.4,964.85
2026-08-14 14:10:36.415,81.158,83612,959.53,-5.32,964.85
2026-08-14 14:10:36.415,81.158,83713,959.58,-5.27,964.85
2026-08-14 14:10:36.622,81.366,83812,959.54,-5.31,964.85
2026-08-14 14:10:36.622,81.366,83912,959.54,-5.31,964.85
2026-08-14 14:10:36.844,81.588,84013,959.68,-5.17,964.85
2026-08-14 14:10:36.845,81.588,84112,959.58,-5.27,964.85
2026-08-14 14:10:37.061,81.804,84212,959.58,-5.27,964.85
2026-08-14 14:10:37.061,81.804,84313,959.64,-5.21,964.85
2026-08-14 14:10:37.271,82.014,84412,959.61,-5.24,964.85
2026-08-14 14:10:37.271,82.015,84512,959.51,-5.34,964.85
2026-08-14 14:10:37.477,82.22,84613,959.56,-5.29,964.85
2026-08-14 14:10:37.477,82.22,84712,959.61,-5.24,964.85
2026-08-14 14:10:37.688,82.431,84812,959.57,-5.28,964.85
2026-08-14 14:10:37.688,82.431,84913,959.57,-5.28,964.85
2026-08-14 14:10:37.897,82.64,85012,959.53,-5.32,964.85
2026-08-14 14:10:37.897,82.64,85112,959.59,-5.26,964.85
2026-08-14 14:10:38.100,82.843,85212,959.6,-5.25,964.85
2026-08-14 14:10:38.100,82.844,85312,959.55,-5.3,964.85
2026-08-14 14:10:38.302,83.045,85412,959.64,-5.21,964.85
2026-08-14 14:10:38.302,83.046,85512,959.56,-5.29,964.85
2026-08-14 14:10:38.510,83.253,85612,959.54,-5.31,964.85
2026-08-14 14:10:38.510,83.254,85712,959.53,-5.32,964.85
2026-08-14 14:10:38.510,83.254,85812,959.52,-5.33,964.85
2026-08-14 14:10:38.721,83.464,85912,959.64,-5.21,964.85
2026-08-14 14:10:38.721,83.464,86012,959.55,-5.3,964.85
2026-08-14 14:10:38.926,83.669,86112,959.52,-5.33,964.85
2026-08-14 14:10:38.926,83.67,86212,959.54,-5.31,964.85
2026-08-14 14:10:39.132,83.876,86312,959.45,-5.4,964.85
2026-08-14 14:10:39.132,83.876,86412,959.65,-5.2,964.85
2026-08-14 14:10:39.339,84.083,86512,959.6,-5.25,964.85
2026-08-14 14:10:39.339,84.083,86612,959.62,-5.23,964.85
2026-08-14 14:10:39.542,84.286,86712,959.61,-5.24,964.85
2026-08-14 14:10:39.542,84.286,86812,959.5,-5.35,964.85
2026-08-14 14:10:39.748,84.492,86913,959.66,-5.19,964.85
2026-08-14 14:10:39.748,84.492,87012,959.57,-5.28,964.85
2026-08-14 14:10:39.962,84.705,87112,959.52,-5.33,964.85
2026-08-14 14:10:39.962,84.705,87213,959.56,-5.29,964.85
2026-08-14 14:10:40.170,84.913,87312,959.57,-5.28,964.85
2026-08-14 14:10:40.170,84.913,87412,959.52,-5.33,964.85
2026-08-14 14:10:40.377,85.121,87513,959.53,-5.32,964.85
2026-08-14 14:10:40.378,85.121,87612,959.67,-5.18,964.85
2026-08-14 14:10:40.583,85.327,87712,959.58,-5.27,964.85
2026-08-14 14:10:40.584,85.327,87813,959.61,-5.24,964.85
2026-08-14 14:10:40.792,85.535,87912,959.66,-5.19,964.85
2026-08-14 14:10:40.792,85.535,88012,959.63,-5.22,964.85
2026-08-14 14:10:41.000,85.744,88113,959.6,-5.25,964.85
2026-08-14 14:10:41.000,85.744,88212,959.6,-5.25,964.85
2026-08-14 14:10:41.207,85.951,88312,959.57,-5.28,964.85
2026-08-14 14:10:41.208,85.951,88412,959.57,-5.28,964.85
2026-08-14 14:10:41.413,86.157,88512,959.57,-5.28,964.85
2026-08-14 14:10:41.413,86.157,88612,959.61,-5.24,964.85
2026-08-14 14:10:41.413,86.157,88712,959.6,-5.25,964.85
2026-08-14 14:10:41.621,86.364,88812,959.61,-5.24,964.85
2026-08-14 14:10:41.624,86.368,88912,959.57,-5.28,964.85
2026-08-14 14:10:41.825,86.568,89012,959.59,-5.26,964.85
2026-08-14 14:10:41.825,86.569,89112,959.52,-5.33,964.85
2026-08-14 14:10:42.032,86.775,89212,959.6,-5.25,964.85
2026-08-14 14:10:42.032,86.776,89312,959.63,-5.22,964.85
2026-08-14 14:10:42.238,86.982,89412,959.59,-5.26,964.85
2026-08-14 14:10:42.238,86.982,89512,959.63,-5.22,964.85
2026-08-14 14:10:42.447,87.19,89612,959.61,-5.24,964.85
2026-08-14 14:10:42.447,87.191,89712,959.6,-5.25,964.85
2026-08-14 14:10:42.655,87.398,89812,959.67,-5.18,964.85
2026-08-14 14:10:42.655,87.399,89912,959.62,-5.23,964.85
2026-08-14 14:10:42.859,87.603,90012,959.62,-5.23,964.85
2026-08-14 14:10:42.859,87.603,90113,959.66,-5.19,964.85
2026-08-14 14:10:43.065,87.809,90212,959.68,-5.17,964.85
2026-08-14 14:10:43.066,87.809,90312,959.57,-5.28,964.85
2026-08-14 14:10:43.273,88.017,90413,959.66,-5.19,964.85
2026-08-14 14:10:43.273,88.017,90512,959.63,-5.22,964.85
2026-08-14 14:10:43.479,88.223,90612,959.71,-5.14,964.85
2026-08-14 14:10:43.479,88.223,90713,959.68,-5.17,964.85
2026-08-14 14:10:43.686,88.429,90812,959.66,-5.19,964.85
2026-08-14 14:10:43.686,88.429,90912,959.55,-5.3,964.85
2026-08-14 14:10:43.893,88.636,91013,959.69,-5.16,964.85
2026-08-14 14:10:43.893,88.636,91112,959.52,-5.33,964.85
2026-08-14 14:10:44.100,88.844,91212,959.63,-5.22,964.85
2026-08-14 14:10:44.100,88.844,91313,959.63,-5.22,964.85
2026-08-14 14:10:44.308,89.051,91412,959.65,-5.2,964.85
2026-08-14 14:10:44.308,89.051,91512,959.67,-5.18,964.85
2026-08-14 14:10:44.515,89.259,91612,959.54,-5.31,964.85
2026-08-14 14:10:44.516,89.259,91712,959.65,-5.2,964.85
2026-08-14 14:10:44.516,89.259,91812,959.63,-5.22,964.85
2026-08-14 14:10:44.721,89.464,91912,959.56,-5.29,964.85
2026-08-14 14:10:44.721,89.464,92012,959.57,-5.28,964.85
2026-08-14 14:10:44.929,89.672,92112,959.54,-5.31,964.85
2026-08-14 14:10:44.929,89.672,92212,959.66,-5.19,964.85
2026-08-14 14:10:45.136,89.88,92312,959.59,-5.26,964.85
2026-08-14 14:10:45.137,89.88,92412,959.59,-5.26,964.85
2026-08-14 14:10:45.344,90.087,92512,959.6,-5.25,964.85
2026-08-14 14:10:45.344,90.088,92612,959.68,-5.17,964.85
2026-08-14 14:10:45.551,90.295,92712,959.63,-5.22,964.85
2026-08-14 14:10:45.551,90.295,92812,959.68,-5.17,964.85
2026-08-14 14:10:45.760,90.503,92912,959.65,-5.2,964.85
2026-08-14 14:10:45.761,90.504,93012,959.63,-5.22,964.85
2026-08-14 14:10:45.962,90.705,93112,960.7,-4.15,964.85
2026-08-14 14:10:45.962,90.706,93212,960.53,-4.32,964.85
2026-08-14 14:10:46.170,90.913,93313,960.53,-4.32,964.85
2026-08-14 14:10:46.170,90.913,93412,960.43,-4.42,964.85
2026-08-14 14:10:46.377,91.121,93512,960.58,-4.27,964.85
2026-08-14 14:10:46.377,91.121,93613,960.42,-4.43,964.85
2026-08-14 14:10:46.584,91.328,93712,960.52,-4.33,964.85
2026-08-14 14:10:46.585,91.328,93812,960.46,-4.39,964.85
2026-08-14 14:10:46.792,91.536,93913,960.35,-4.5,964.85
2026-08-14 14:10:46.793,91.536,94012,960.54,-4.31,964.85
2026-08-14 14:10:46.996,91.74,94112,960.56,-4.29,964.85
2026-08-14 14:10:46.997,91.74,94213,960.55,-4.3,964.85
2026-08-14 14:10:47.202,91.945,94312,960.38,-4.47,964.85
2026-08-14 14:10:47.202,91.945,94412,960.52,-4.33,964.85
2026-08-14 14:10:47.408,92.151,94513,960.45,-4.4,964.85
2026-08-14 14:10:47.408,92.151,94612,960.53,-4.32,964.85
2026-08-14 14:10:47.615,92.358,94712,960.62,-4.23,964.85
2026-08-14 14:10:47.615,92.358,94812,960.52,-4.33,964.85
2026-08-14 14:10:47.615,92.359,94912,960.54,-4.31,964.85
2026-08-14 14:10:47.822,92.565,95012,960.52,-4.33,964.85
2026-08-14 14:10:47.822,92.565,95112,960.6,-4.25,964.85
2026-08-14 14:10:48.030,92.774,95212,960.56,-4.29,964.85
2026-08-14 14:10:48.031,92.774,95312,960.59,-4.26,964.85
2026-08-14 14:10:48.238,92.982,95412,960.61,-4.24,964.85
2026-08-14 14:10:48.238,92.982,95512,960.68,-4.17,964.85
2026-08-14 14:10:48.446,93.189,95612,960.63,-4.22,964.85
2026-08-14 14:10:48.446,93.189,95712,960.66,-4.19,964.85
2026-08-14 14:10:48.651,93.395,95812,960.78,-4.07,964.85
2026-08-14 14:10:48.651,93.395,95912,960.65,-4.2,964.85
2026-08-14 14:10:48.859,93.603,96012,960.73,-4.12,964.85
2026-08-14 14:10:48.860,93.603,96112,960.69,-4.16,964.85
2026-08-14 14:10:49.065,93.809,96212,960.75,-4.1,964.85
2026-08-14 14:10:49.065,93.809,96312,960.81,-4.04,964.85
2026-08-14 14:10:49.274,94.017,96412,960.91,-3.94,964.85
2026-08-14 14:10:49.274,94.017,96513,960.75,-4.1,964.85
2026-08-14 14:10:49.480,94.224,96612,960.74,-4.11,964.85
2026-08-14 14:10:49.480,94.224,96712,960.79,-4.06,964.85
2026-08-14 14:10:49.687,94.431,96813,960.82,-4.03,964.85
2026-08-14 14:10:49.687,94.431,96912,960.84,-4.01,964.85
2026-08-14 14:10:49.895,94.638,97012,960.8,-4.05,964.85
2026-08-14 14:10:49.895,94.639,97113,960.84,-4.01,964.85
2026-08-14 14:10:50.098,94.842,97212,960.87,-3.98,964.85
2026-08-14 14:10:50.098,94.842,97312,960.91,-3.94,964.85
2026-08-14 14:10:50.305,95.048,97413,960.83,-4.02,964.85
2026-08-14 14:10:50.305,95.049,97512,960.92,-3.93,964.85
2026-08-14 14:10:50.512,95.256,97612,960.88,-3.97,964.85
2026-08-14 14:10:50.512,95.256,97713,961.0,-3.85,964.85
2026-08-14 14:10:50.512,95.256,97812,960.98,-3.87,964.85
2026-08-14 14:10:50.720,95.463,97912,960.96,-3.89,964.85
2026-08-14 14:10:50.720,95.463,98012,960.97,-3.88,964.85
2026-08-14 14:10:50.927,95.671,98112,960.95,-3.9,964.85
2026-08-14 14:10:50.931,95.675,98212,961.08,-3.77,964.85
2026-08-14 14:10:51.133,95.876,98312,961.0,-3.85,964.85
2026-08-14 14:10:51.133,95.876,98412,961.01,-3.84,964.85
2026-08-14 14:10:51.339,96.082,98512,961.02,-3.83,964.85
2026-08-14 14:10:51.339,96.083,98612,961.04,-3.81,964.85
2026-08-14 14:10:51.546,96.289,98712,961.07,-3.78,964.85
2026-08-14 14:10:51.546,96.289,98812,961.14,-3.71,964.85
2026-08-14 14:10:51.754,96.497,98912,961.11,-3.74,964.85
2026-08-14 14:10:51.754,96.498,99012,961.16,-3.69,964.85
2026-08-14 14:10:51.960,96.704,99112,961.21,-3.64,964.85
2026-08-14 14:10:51.962,96.705,99212,961.16,-3.69,964.85
2026-08-14 14:10:52.169,96.912,99312,961.14,-3.71,964.85
2026-08-14 14:10:52.169,96.912,99412,961.13,-3.72,964.85
2026-08-14 14:10:52.375,97.119,99512,961.2,-3.65,964.85
2026-08-14 14:10:52.376,97.119,99612,961.14,-3.71,964.85
2026-08-14 14:10:52.584,97.327,99713,961.26,-3.59,964.85
2026-08-14 14:10:52.584,97.327,99812,961.33,-3.52,964.85
2026-08-14 14:10:52.789,97.532,99912,961.33,-3.52,964.85
2026-08-14 14:10:52.789,97.533,100013,961.3,-3.55,964.85
2026-08-14 14:10:52.997,97.74,100112,961.33,-3.52,964.85
2026-08-14 14:10:52.997,97.74,100212,961.38,-3.47,964.85
2026-08-14 14:10:53.202,97.945,100313,961.36,-3.49,964.85
2026-08-14 14:10:53.202,97.945,100412,961.35,-3.5,964.85
2026-08-14 14:10:53.409,98.152,100512,961.34,-3.51,964.85
2026-08-14 14:10:53.409,98.152,100613,961.43,-3.42,964.85
2026-08-14 14:10:53.614,98.358,100712,961.86,-2.99,964.85
2026-08-14 14:10:53.615,98.358,100812,962.23,-2.62,964.85
2026-08-14 14:10:53.615,98.359,100913,962.91,-1.94,964.85
2026-08-14 14:10:53.822,98.566,101012,963.13,-1.72,964.85
2026-08-14 14:10:53.823,98.566,101112,963.41,-1.44,964.85
2026-08-14 14:10:54.029,98.772,101212,963.78,-1.07,964.85
2026-08-14 14:10:54.029,98.772,101312,964.15,-0.7,964.85
2026-08-14 14:10:54.236,98.98,101412,964.52,-0.33,964.85
2026-08-14 14:10:54.236,98.98,101512,964.75,-0.1,964.85
2026-08-14 14:10:54.443,99.187,101612,965.01,0.16,964.85
2026-08-14 14:10:54.444,99.187,101712,965.39,0.54,964.85
2026-08-14 14:10:54.651,99.395,101812,965.74,0.89,964.85
2026-08-14 14:10:54.651,99.395,101912,966.07,1.22,964.85
2026-08-14 14:10:54.859,99.602,102012,966.34,1.49,964.85
2026-08-14 14:10:54.859,99.603,102112,966.67,1.82,964.85
2026-08-14 14:10:55.067,99.81,102212,967.06,2.21,964.85
2026-08-14 14:10:55.069,99.812,102312,967.32,2.47,964.85
2026-08-14 14:10:55.269,100.013,102412,967.74,2.89,964.85
2026-08-14 14:10:55.270,100.013,102512,968.05,3.2,964.85
2026-08-14 14:10:55.476,100.219,102612,968.31,3.46,964.85
2026-08-14 14:10:55.476,100.22,102712,968.67,3.82,964.85
2026-08-14 14:10:55.684,100.428,102812,969.04,4.19,964.85
2026-08-14 14:10:55.684,100.428,102913,969.35,4.5,964.85
2026-08-14 14:10:55.893,100.637,103012,969.81,4.96,964.85
2026-08-14 14:10:55.893,100.637,103112,970.22,5.37,964.85
2026-08-14 14:10:56.100,100.844,103213,970.52,5.67,964.85
2026-08-14 14:10:56.101,100.844,103312,970.84,5.99,964.85
2026-08-14 14:10:56.304,101.048,103412,971.43,6.58,964.85
2026-08-14 14:10:56.305,101.048,103513,971.75,6.9,964.85
2026-08-14 14:10:56.512,101.255,103612,972.3,7.45,964.85
2026-08-14 14:10:56.512,101.255,103712,972.74,7.89,964.85
2026-08-14 14:10:56.515,101.259,103813,973.15,8.3,964.85
2026-08-14 14:10:56.720,101.464,103912,973.61,8.76,964.85
2026-08-14 14:10:56.720,101.464,104012,974.09,9.24,964.85
2026-08-14 14:10:56.926,101.669,104113,974.57,9.72,964.85
2026-08-14 14:10:56.926,101.669,104212,974.99,10.14,964.85
2026-08-14 14:10:57.137,101.88,104312,975.36,10.51,964.85
2026-08-14 14:10:57.138,101.881,104412,975.75,10.9,964.85
2026-08-14 14:10:57.340,102.083,104512,976.08,11.23,964.85
2026-08-14 14:10:57.340,102.083,104612,975.89,11.04,964.85
2026-08-14 14:10:57.545,102.289,104712,976.33,11.48,964.85
2026-08-14 14:10:57.545,102.289,104812,976.77,11.92,964.85
2026-08-14 14:10:57.753,102.496,104912,977.11,12.26,964.85
2026-08-14 14:10:57.753,102.497,105012,977.64,12.79,964.85
2026-08-14 14:10:57.961,102.705,105112,978.21,13.36,964.85
2026-08-14 14:10:57.962,102.705,105212,978.66,13.81,964.85
2026-08-14 14:10:58.169,102.912,105312,978.3,13.45,964.85
2026-08-14 14:10:58.171,102.914,105412,978.43,13.58,964.85
2026-08-14 14:10:58.372,103.115,105512,978.87,14.02,964.85
2026-08-14 14:10:58.372,103.116,105612,979.17,14.32,964.85
2026-08-14 14:10:58.580,103.323,105712,979.69,14.84,964.85
2026-08-14 14:10:58.580,103.323,105812,980.18,15.33,964.85
2026-08-14 14:10:58.787,103.53,105912,980.4,15.55,964.85
2026-08-14 14:10:58.787,103.53,106012,980.24,15.39,964.85
2026-08-14 14:10:58.995,103.738,106113,980.56,15.71,964.85
2026-08-14 14:10:58.995,103.738,106212,981.04,16.19,964.85
2026-08-14 14:10:59.201,103.945,106312,981.5,16.65,964.85
2026-08-14 14:10:59.201,103.945,106413,981.94,17.09,964.85
2026-08-14 14:10:59.406,104.15,106512,982.26,17.41,964.85
2026-08-14 14:10:59.406,104.15,106612,982.76,17.91,964.85
2026-08-14 14:10:59.613,104.357,106713,982.1,17.25,964.85
2026-08-14 14:10:59.614,104.357,106812,982.57,17.72,964.85
2026-08-14 14:10:59.616,104.359,106912,982.98,18.13,964.85
2026-08-14 14:10:59.820,104.564,107013,983.29,18.44,964.85
2026-08-14 14:10:59.821,104.564,107112,983.64,18.79,964.85
2026-08-14 14:11:00.025,104.769,107212,983.91,19.06,964.85
2026-08-14 14:11:00.026,104.769,107313,984.38,19.53,964.85
2026-08-14 14:11:00.232,104.976,107412,984.62,19.77,964.85
2026-08-14 14:11:00.235,104.978,107512,985.06,20.21,964.85
2026-08-14 14:11:00.442,105.185,107612,985.25,20.4,964.85
2026-08-14 14:11:00.442,105.185,107712,985.09,20.24,964.85
2026-08-14 14:11:00.649,105.392,107812,985.11,20.26,964.85
2026-08-14 14:11:00.649,105.393,107912,985.34,20.49,964.85
2026-08-14 14:11:00.854,105.598,108012,985.8,20.95,964.85
2026-08-14 14:11:00.854,105.598,108112,985.94,21.09,964.85
2026-08-14 14:11:01.062,105.805,108212,986.11,21.26,964.85
2026-08-14 14:11:01.062,105.805,108312,986.38,21.53,964.85
2026-08-14 14:11:01.269,106.013,108412,986.74,21.89,964.85
2026-08-14 14:11:01.269,106.013,108512,987.0,22.15,964.85
2026-08-14 14:11:01.475,106.218,108612,987.34,22.49,964.85
2026-08-14 14:11:01.475,106.218,108712,987.44,22.59,964.85
2026-08-14 14:11:01.681,106.425,108812,987.6,22.75,964.85
2026-08-14 14:11:01.681,106.425,108912,987.81,22.96,964.85
2026-08-14 14:11:01.889,106.632,109012,988.13,23.28,964.85
2026-08-14 14:11:01.889,106.632,109112,988.34,23.49,964.85
2026-08-14 14:11:02.096,106.84,109212,988.47,23.62,964.85
2026-08-14 14:11:02.096,106.84,109313,988.46,23.61,964.85
2026-08-14 14:11:02.303,107.046,109412,988.56,23.71,964.85
2026-08-14 14:11:02.303,107.047,109512,988.53,23.68,964.85
2026-08-14 14:11:02.509,107.253,109613,988.57,23.72,964.85
2026-08-14 14:11:02.509,107.253,109712,988.71,23.86,964.85
2026-08-14 14:11:02.717,107.46,109812,988.71,23.86,964.85
2026-08-14 14:11:02.717,107.46,109913,988.83,23.98,964.85
2026-08-14 14:11:02.717,107.46,110012,989.06,24.21,964.85
2026-08-14 14:11:02.924,107.667,110112,989.13,24.28,964.85
2026-08-14 14:11:02.924,107.668,110213,989.19,24.34,964.85
2026-08-14 14:11:03.132,107.876,110312,989.24,24.39,964.85
2026-08-14 14:11:03.133,107.876,110412,989.48,24.63,964.85
2026-08-14 14:11:03.339,108.083,110513,989.68,24.83,964.85
2026-08-14 14:11:03.342,108.085,110612,989.7,24.85,964.85
2026-08-14 14:11:03.545,108.288,110712,989.82,24.97,964.85
2026-08-14 14:11:03.545,108.288,110812,989.86,25.01,964.85
2026-08-14 14:11:03.751,108.495,110912,989.93,25.08,964.85
2026-08-14 14:11:03.751,108.495,111012,990.19,25.34,964.85
2026-08-14 14:11:03.960,108.703,111112,990.34,25.49,964.85
2026-08-14 14:11:03.960,108.703,111212,990.51,25.66,964.85
2026-08-14 14:11:04.165,108.908,111312,991.03,26.18,964.85
2026-08-14 14:11:04.165,108.908,111412,991.97,27.12,964.85
2026-08-14 14:11:04.372,109.116,111512,992.8,27.95,964.85
2026-08-14 14:11:04.373,109.116,111612,993.29,28.44,964.85
2026-08-14 14:11:04.578,109.321,111712,994.02,29.17,964.85
2026-08-14 14:11:04.578,109.321,111812,994.5,29.65,964.85
2026-08-14 14:11:04.785,109.528,111912,995.03,30.18,964.85
2026-08-14 14:11:04.785,109.528,112012,995.53,30.68,964.85
2026-08-14 14:11:04.990,109.734,112112,996.07,31.22,964.85
2026-08-14 14:11:04.990,109.734,112212,996.4,31.55,964.85
2026-08-14 14:11:05.198,109.941,112312,996.94,32.09,964.85
2026-08-14 14:11:05.198,109.941,112412,997.34,32.49,964.85
2026-08-14 14:11:05.405,110.149,112513,997.57,32.72,964.85
2026-08-14 14:11:05.406,110.149,112612,998.18,33.33,964.85
2026-08-14 14:11:05.612,110.355,112712,998.39,33.54,964.85
2026-08-14 14:11:05.612,110.355,112813,998.51,33.66,964.85
2026-08-14 14:11:05.616,110.36,112912,998.76,33.91,964.85
2026-08-14 14:11:05.820,110.563,113012,999.03,34.18,964.85
2026-08-14 14:11:05.820,110.564,113113,999.13,34.28,964.85
2026-08-14 14:11:06.027,110.771,113212,999.31,34.46,964.85
2026-08-14 14:11:06.027,110.771,113312,999.61,34.76,964.85
2026-08-14 14:11:06.233,110.976,113413,999.74,34.89,964.85
2026-08-14 14:11:06.233,110.977,113512,1000.07,35.22,964.85
2026-08-14 14:11:06.440,111.183,113612,1000.22,35.37,964.85
2026-08-14 14:11:06.446,111.189,113713,1000.47,35.62,964.85
2026-08-14 14:11:06.646,111.39,113812,1000.76,35.91,964.85
2026-08-14 14:11:06.646,111.39,113912,1000.9,36.05,964.85
2026-08-14 14:11:06.854,111.597,114012,1001.05,36.2,964.85
2026-08-14 14:11:06.854,111.597,114112,1001.28,36.43,964.85
2026-08-14 14:11:07.062,111.805,114212,1001.55,36.7,964.85
2026-08-14 14:11:07.062,111.805,114312,1001.72,36.87,964.85
2026-08-14 14:11:07.270,112.014,114412,1001.97,37.12,964.85
2026-08-14 14:11:07.270,112.014,114512,1002.31,37.46,964.85
2026-08-14 14:11:07.477,112.221,114612,1002.66,37.81,964.85
2026-08-14 14:11:07.478,112.221,114712,1002.83,37.98,964.85
2026-08-14 14:11:07.679,112.422,114812,1003.1,38.25,964.85
2026-08-14 14:11:07.679,112.422,114912,1003.32,38.47,964.85
2026-08-14 14:11:07.884,112.627,115012,1003.7,38.85,964.85
2026-08-14 14:11:07.884,112.628,115112,1004.02,39.17,964.85
2026-08-14 14:11:08.091,112.835,115212,1004.19,39.34,964.85
2026-08-14 14:11:08.091,112.835,115312,1004.4,39.55,964.85
2026-08-14 14:11:08.300,113.044,115412,1004.65,39.8,964.85
2026-08-14 14:11:08.300,113.044,115512,1004.74,39.89,964.85
2026-08-14 14:11:08.507,113.25,115612,1005.11,40.26,964.85
2026-08-14 14:11:08.507,113.251,115713,1005.45,40.6,964.85
2026-08-14 14:11:08.714,113.458,115812,1005.62,40.77,964.85
2026-08-14 14:11:08.715,113.458,115912,1005.89,41.04,964.85
2026-08-14 14:11:08.923,113.667,116013,1005.96,41.11,964.85
2026-08-14 14:11:08.924,113.667,116112,1006.28,41.43,964.85
2026-08-14 14:11:08.924,113.667,116212,1006.42,41.57,964.85
2026-08-14 14:11:09.129,113.873,116313,1006.62,41.77,964.85
2026-08-14 14:11:09.130,113.873,116412,1006.84,41.99,964.85
2026-08-14 14:11:09.336,114.079,116512,1007.03,42.18,964.85
2026-08-14 14:11:09.336,114.079,116613,1007.12,42.27,964.85
2026-08-14 14:11:09.543,114.286,116712,1007.31,42.46,964.85
2026-08-14 14:11:09.543,114.287,116812,1007.46,42.61,964.85
2026-08-14 14:11:09.749,114.492,116913,1007.54,42.69,964.85
2026-08-14 14:11:09.749,114.492,117012,1007.54,42.69,964.85
2026-08-14 14:11:09.958,114.701,117112,1007.69,42.84,964.85
2026-08-14 14:11:09.958,114.702,117212,1007.84,42.99,964.85
2026-08-14 14:11:10.165,114.909,117312,1007.92,43.07,964.85
2026-08-14 14:11:10.165,114.909,117412,1008.05,43.2,964.85
2026-08-14 14:11:10.372,115.116,117512,1008.13,43.28,964.85
2026-08-14 14:11:10.373,115.116,117612,1008.25,43.4,964.85
2026-08-14 14:11:10.580,115.323,117712,1008.36,43.51,964.85
2026-08-14 14:11:10.580,115.324,117812,1008.45,43.6,964.85
2026-08-14 14:11:10.783,115.527,117912,1008.43,43.58,964.85
2026-08-14 14:11:10.783,115.527,118012,1008.49,43.64,964.85
2026-08-14 14:11:10.990,115.733,118112,1009.1,44.25,964.85
2026-08-14 14:11:10.990,115.733,118212,1009.56,44.71,964.85
2026-08-14 14:11:11.197,115.941,118312,1009.91,45.06,964.85
2026-08-14 14:11:11.198,115.941,118412,1010.12,45.27,964.85
2026-08-14 14:11:11.404,116.147,118512,1010.68,45.83,964.85
2026-08-14 14:11:11.404,116.148,118612,1010.96,46.11,964.85
2026-08-14 14:11:11.612,116.355,118712,1011.36,46.51,964.85
2026-08-14 14:11:11.612,116.356,118812,1011.99,47.14,964.85
2026-08-14 14:11:11.815,116.559,118913,1012.28,47.43,964.85
2026-08-14 14:11:11.815,116.559,119012,1012.57,47.72,964.85
2026-08-14 14:11:12.024,116.768,119112,1013.23,48.38,964.85
2026-08-14 14:11:12.024,116.768,119213,1013.43,48.58,964.85
2026-08-14 14:11:12.025,116.768,119312,1013.9,49.05,964.85
2026-08-14 14:11:12.232,116.976,119412,1014.12,49.27,964.85
2026-08-14 14:11:12.233,116.976,119513,1014.5,49.65,964.85
2026-08-14 14:11:12.440,117.183,119612,1014.73,49.88,964.85
2026-08-14 14:11:12.440,117.184,119712,1015.08,50.23,964.85
2026-08-14 14:11:12.647,117.391,119813,1015.4,50.55,964.85
2026-08-14 14:11:12.648,117.391,119912,1015.81,50.96,964.85
2026-08-14 14:11:12.851,117.595,120012,1015.86,51.01,964.85
2026-08-14 14:11:12.851,117.595,120113,1016.99,52.14,964.85
2026-08-14 14:11:13.057,117.8,120212,1016.67,51.82,964.85
2026-08-14 14:11:13.057,117.801,120312,1015.9,51.05,964.85
2026-08-14 14:11:13.263,118.006,120412,1016.13,51.28,964.85
2026-08-14 14:11:13.263,118.007,120512,1015.85,51.0,964.85
2026-08-14 14:11:13.471,118.214,120612,1015.7,50.85,964.85
2026-08-14 14:11:13.471,118.215,120712,1015.46,50.61,964.85
2026-08-14 14:11:13.678,118.421,120812,1015.37,50.52,964.85
2026-08-14 14:11:13.678,118.422,120912,1015.36,50.51,964.85
2026-08-14 14:11:13.885,118.628,121012,1015.1,50.25,964.85
2026-08-14 14:11:13.885,118.628,121112,1015.11,50.26,964.85
2026-08-14 14:11:14.091,118.834,121212,1014.92,50.07,964.85
2026-08-14 14:11:14.091,118.835,121312,1014.94,50.09,964.85
2026-08-14 14:11:14.299,119.042,121412,1014.73,49.88,964.85
2026-08-14 14:11:14.299,119.043,121512,1014.7,49.85,964.85
2026-08-14 14:11:14.504,119.248,121612,1014.53,49.68,964.85
2026-08-14 14:11:14.504,119.248,121712,1014.39,49.54,964.85
2026-08-14 14:11:14.711,119.455,121812,1014.4,49.55,964.85
2026-08-14 14:11:14.713,119.456,121912,1014.17,49.32,964.85
2026-08-14 14:11:14.918,119.662,122012,1014.05,49.2,964.85
2026-08-14 14:11:14.919,119.662,122113,1014.0,49.15,964.85
2026-08-14 14:11:14.919,119.662,122212,1013.84,48.99,964.85
2026-08-14 14:11:15.126,119.869,122312,1013.84,48.99,964.85
2026-08-14 14:11:15.126,119.869,122413,1013.5,48.65,964.85
2026-08-14 14:11:15.333,120.077,122512,1013.4,48.55,964.85
2026-08-14 14:11:15.333,120.077,122612,1013.28,48.43,964.85
2026-08-14 14:11:15.541,120.285,122713,1013.07,48.22,964.85
2026-08-14 14:11:15.541,120.285,122812,1013.02,48.17,964.85
2026-08-14 14:11:15.750,120.493,122912,1012.99,48.14,964.85
2026-08-14 14:11:15.753,120.496,123013,1012.72,47.87,964.85
2026-08-14 14:11:15.954,120.698,123112,1012.6,47.75,964.85
2026-08-14 14:11:15.954,120.698,123212,1012.49,47.64,964.85
2026-08-14 14:11:16.160,120.904,123313,1012.21,47.36,964.85
2026-08-14 14:11:16.161,120.904,123412,1012.23,47.38,964.85
2026-08-14 14:11:16.367,121.11,123512,1011.98,47.13,964.85
2026-08-14 14:11:16.367,121.11,123612,1011.92,47.07,964.85
2026-08-14 14:11:16.574,121.318,123712,1011.79,46.94,964.85
2026-08-14 14:11:16.574,121.318,123812,1011.57,46.72,964.85
2026-08-14 14:11:16.780,121.523,123912,1011.33,46.48,964.85
2026-08-14 14:11:16.780,121.524,124012,1011.17,46.32,964.85
2026-08-14 14:11:16.988,121.731,124112,1010.92,46.07,964.85
2026-08-14 14:11:16.988,121.731,124212,1010.9,46.05,964.85
2026-08-14 14:11:17.193,121.936,124312,1010.72,45.87,964.85
2026-08-14 14:11:17.194,121.937,124412,1010.57,45.72,964.85
2026-08-14 14:11:17.399,122.142,124512,1010.55,45.7,964.85
2026-08-14 14:11:17.399,122.142,124612,1010.64,45.79,964.85
2026-08-14 14:11:17.605,122.349,124712,1010.59,45.74,964.85
2026-08-14 14:11:17.605,122.349,124812,1011.02,46.17,964.85
2026-08-14 14:11:17.814,122.557,124912,1012.55,47.7,964.85
2026-08-14 14:11:17.814,122.557,125012,1013.82,48.97,964.85
2026-08-14 14:11:18.023,122.766,125112,1016.54,51.69,964.85
2026-08-14 14:11:18.023,122.766,125212,1022.91,58.06,964.85
2026-08-14 14:11:18.023,122.766,125313,1027.29,62.44,964.85
2026-08-14 14:11:18.230,122.974,125412,1031.53,66.68,964.85
2026-08-14 14:11:18.230,122.974,125512,1035.47,70.62,964.85
2026-08-14 14:11:18.438,123.181,125613,1038.61,73.76,964.85
2026-08-14 14:11:18.438,123.181,125712,1041.32,76.47,964.85
2026-08-14 14:11:18.644,123.388,125812,1044.21,79.36,964.85
2026-08-14 14:11:18.645,123.388,125913,1046.43,81.58,964.85
2026-08-14 14:11:18.850,123.594,126012,1048.88,84.03,964.85
2026-08-14 14:11:18.854,123.598,126112,1051.05,86.2,964.85
2026-08-14 14:11:19.057,123.801,126213,1053.12,88.27,964.85
2026-08-14 14:11:19.057,123.801,126312,1055.13,90.28,964.85
2026-08-14 14:11:19.265,124.008,126412,1057.16,92.31,964.85
2026-08-14 14:11:19.265,124.009,126513,1059.23,94.38,964.85
2026-08-14 14:11:19.471,124.215,126612,1060.83,95.98,964.85
2026-08-14 14:11:19.471,124.215,126712,1062.85,98.0,964.85
2026-08-14 14:11:19.678,124.421,126812,1064.54,99.69,964.85
2026-08-14 14:11:19.678,124.422,126912,1066.33,101.48,964.85
2026-08-14 14:11:19.884,124.628,127012,1067.85,103.0,964.85
2026-08-14 14:11:19.887,124.63,127112,1069.62,104.77,964.85
2026-08-14 14:11:20.091,124.834,127212,1071.1,106.25,964.85
2026-08-14 14:11:20.091,124.834,127312,1072.82,107.97,964.85
2026-08-14 14:11:20.298,125.041,127412,1074.35,109.5,964.85
2026-08-14 14:11:20.298,125.041,127512,1076.21,111.36,964.85
2026-08-14 14:11:20.504,125.248,127612,1078.04,113.19,964.85
2026-08-14 14:11:20.505,125.248,127712,1079.4,114.55,964.85
2026-08-14 14:11:20.713,125.457,127812,1081.19,116.34,964.85
2026-08-14 14:11:20.713,125.457,127912,1082.25,117.4,964.85
2026-08-14 14:11:20.920,125.664,128012,1083.47,118.62,964.85
2026-08-14 14:11:20.921,125.664,128112,1085.53,120.68,964.85
2026-08-14 14:11:20.921,125.665,128212,1086.2,121.35,964.85
2026-08-14 14:11:21.125,125.869,128312,1087.59,122.74,964.85
2026-08-14 14:11:21.125,125.869,128412,1088.39,123.54,964.85
2026-08-14 14:11:21.331,126.075,128513,1090.99,126.14,964.85
2026-08-14 14:11:21.331,126.075,128612,1091.35,126.5,964.85
2026-08-14 14:11:21.537,126.281,128712,1092.05,127.2,964.85
2026-08-14 14:11:21.537,126.281,128813,1092.08,127.23,964.85
2026-08-14 14:11:21.745,126.488,128912,1092.48,127.63,964.85
2026-08-14 14:11:21.745,126.489,129012,1092.58,127.73,964.85
2026-08-14 14:11:21.951,126.695,129113,1092.56,127.71,964.85
2026-08-14 14:11:21.957,126.701,129212,1093.89,129.04,964.85
2026-08-14 14:11:22.158,126.901,129312,1094.49,129.64,964.85
2026-08-14 14:11:22.158,126.902,129413,1095.5,130.65,964.85
2026-08-14 14:11:22.365,127.109,129512,1095.39,130.54,964.85
2026-08-14 14:11:22.366,127.109,129612,1096.26,131.41,964.85
2026-08-14 14:11:22.573,127.316,129713,1097.8,132.95,964.85
2026-08-14 14:11:22.573,127.317,129812,1098.56,133.71,964.85
2026-08-14 14:11:22.778,127.522,129912,1099.29,134.44,964.85
2026-08-14 14:11:22.778,127.522,130012,1099.82,134.97,964.85
2026-08-14 14:11:22.986,127.729,130112,1100.46,135.61,964.85
2026-08-14 14:11:22.986,127.729,130212,1101.13,136.28,964.85
2026-08-14 14:11:23.193,127.936,130312,1101.91,137.06,964.85
2026-08-14 14:11:23.193,127.936,130412,1102.46,137.61,964.85
2026-08-14 14:11:23.401,128.144,130512,1102.91,138.06,964.85
2026-08-14 14:11:23.401,128.144,130612,1103.69,138.84,964.85
2026-08-14 14:11:23.607,128.351,130712,1104.26,139.41,964.85
2026-08-14 14:11:23.607,128.351,130812,1104.79,139.94,964.85
2026-08-14 14:11:23.814,128.557,130912,1105.18,140.33,964.85
2026-08-14 14:11:23.814,128.557,131012,1105.64,140.79,964.85
2026-08-14 14:11:24.019,128.763,131112,1106.17,141.32,964.85
2026-08-14 14:11:24.024,128.767,131212,1106.72,141.87,964.85
2026-08-14 14:11:24.024,128.767,131312,1107.11,142.26,964.85
2026-08-14 14:11:24.227,128.971,131412,1107.63,142.78,964.85
2026-08-14 14:11:24.228,128.971,131512,1108.04,143.19,964.85
2026-08-14 14:11:24.434,129.178,131612,1108.44,143.59,964.85
2026-08-14 14:11:24.434,129.178,131713,1108.79,143.94,964.85
2026-08-14 14:11:24.641,129.385,131812,1109.07,144.22,964.85
2026-08-14 14:11:24.641,129.385,131912,1109.37,144.52,964.85
2026-08-14 14:11:24.848,129.592,132013,1110.06,145.21,964.85
2026-08-14 14:11:24.848,129.592,132112,1110.23,145.38,964.85
2026-08-14 14:11:25.055,129.798,132212,1110.64,145.79,964.85
2026-08-14 14:11:25.057,129.8,132313,1110.76,145.91,964.85
2026-08-14 14:11:25.262,130.006,132412,1111.17,146.32,964.85
2026-08-14 14:11:25.262,130.006,132512,1111.53,146.68,964.85
2026-08-14 14:11:25.464,130.208,132613,1111.93,147.08,964.85
2026-08-14 14:11:25.464,130.208,132712,1112.09,147.24,964.85
2026-08-14 14:11:25.675,130.419,132812,1112.45,147.6,964.85
2026-08-14 14:11:25.675,130.419,132913,1112.72,147.87,964.85
2026-08-14 14:11:25.882,130.625,133012,1112.84,147.99,964.85
2026-08-14 14:11:25.882,130.626,133112,1113.03,148.18,964.85
2026-08-14 14:11:26.087,130.831,133212,1113.54,148.69,964.85
2026-08-14 14:11:26.088,130.831,133312,1113.74,148.89,964.85
2026-08-14 14:11:26.295,131.038,133412,1113.98,149.13,964.85
2026-08-14 14:11:26.295,131.038,133512,1113.99,149.14,964.85
2026-08-14 14:11:26.501,131.244,133612,1114.21,149.36,964.85
2026-08-14 14:11:26.501,131.244,133712,1114.51,149.66,964.85
2026-08-14 14:11:26.708,131.451,133812,1114.51,149.66,964.85
2026-08-14 14:11:26.708,131.452,133912,1114.9,150.05,964.85
2026-08-14 14:11:26.913,131.656,134012,1115.05,150.2,964.85
2026-08-14 14:11:26.913,131.656,134112,1115.15,150.3,964.85
2026-08-14 14:11:27.118,131.862,134212,1115.32,150.47,964.85
2026-08-14 14:11:27.119,131.863,134312,1115.41,150.56,964.85
2026-08-14 14:11:27.120,131.863,134412,1115.64,150.79,964.85
2026-08-14 14:11:27.329,132.072,134512,1115.42,150.57,964.85
2026-08-14 14:11:27.329,132.072,134612,1115.4,150.55,964.85
2026-08-14 14:11:27.533,132.277,134712,1115.12,150.27,964.85
2026-08-14 14:11:27.534,132.277,134812,1114.89,150.04,964.85
2026-08-14 14:11:27.742,132.485,134913,1114.58,149.73,964.85
2026-08-14 14:11:27.742,132.485,135012,1114.26,149.41,964.85
2026-08-14 14:11:27.946,132.689,135112,1114.01,149.16,964.85
2026-08-14 14:11:27.946,132.69,135213,1113.64,148.79,964.85
2026-08-14 14:11:28.152,132.895,135312,1113.46,148.61,964.85
2026-08-14 14:11:28.154,132.897,135412,1112.89,148.04,964.85
2026-08-14 14:11:28.365,133.109,135513,1112.61,147.76,964.85
2026-08-14 14:11:28.365,133.109,135612,1112.34,147.49,964.85
2026-08-14 14:11:28.572,133.316,135712,1111.93,147.08,964.85
2026-08-14 14:11:28.573,133.316,135813,1111.57,146.72,964.85
2026-08-14 14:11:28.778,133.522,135912,1111.38,146.53,964.85
2026-08-14 14:11:28.779,133.522,136012,1111.11,146.26,964.85
2026-08-14 14:11:28.984,133.728,136113,1110.62,145.77,964.85
2026-08-14 14:11:28.985,133.728,136212,1110.21,145.36,964.85
2026-08-14 14:11:29.190,133.934,136312,1109.74,144.89,964.85
2026-08-14 14:11:29.190,133.934,136412,1109.45,144.6,964.85
2026-08-14 14:11:29.398,134.141,136512,1109.18,144.33,964.85
2026-08-14 14:11:29.398,134.141,136612,1108.63,143.78,964.85
2026-08-14 14:11:29.602,134.345,136712,1108.37,143.52,964.85
2026-08-14 14:11:29.602,134.346,136812,1108.03,143.18,964.85
2026-08-14 14:11:29.807,134.55,136912,1107.45,142.6,964.85
2026-08-14 14:11:29.807,134.551,137012,1107.13,142.28,964.85
2026-08-14 14:11:30.012,134.756,137112,1106.98,142.13,964.85
2026-08-14 14:11:30.013,134.756,137212,1106.6,141.75,964.85
2026-08-14 14:11:30.219,134.962,137312,1106.24,141.39,964.85
2026-08-14 14:11:30.219,134.963,137412,1105.94,141.09,964.85
2026-08-14 14:11:30.432,135.176,137512,1105.58,140.73,964.85
2026-08-14 14:11:30.433,135.176,137612,1105.63,140.78,964.85
2026-08-14 14:11:30.433,135.176,137712,1105.19,140.34,964.85
2026-08-14 14:11:30.638,135.382,137812,1104.88,140.03,964.85
2026-08-14 14:11:30.638,135.382,137912,1104.61,139.76,964.85
2026-08-14 14:11:30.839,135.582,138012,1104.34,139.49,964.85
2026-08-14 14:11:30.839,135.583,138113,1104.17,139.32,964.85
2026-08-14 14:11:31.049,135.793,138212,1103.92,139.07,964.85
2026-08-14 14:11:31.050,135.793,138312,1103.59,138.74,964.85
2026-08-14 14:11:31.256,136.0,138413,1103.38,138.53,964.85
2026-08-14 14:11:31.260,136.003,138512,1103.12,138.27,964.85
2026-08-14 14:11:31.468,136.211,138612,1103.09,138.24,964.85
2026-08-14 14:11:31.468,136.211,138713,1102.73,137.88,964.85
2026-08-14 14:11:31.673,136.417,138812,1102.6,137.75,964.85
2026-08-14 14:11:31.674,136.417,138912,1102.39,137.54,964.85
2026-08-14 14:11:31.879,136.623,139013,1102.32,137.47,964.85
2026-08-14 14:11:31.880,136.623,139112,1102.33,137.48,964.85
2026-08-14 14:11:32.081,136.825,139212,1102.13,137.28,964.85
2026-08-14 14:11:32.082,136.825,139313,1102.27,137.42,964.85
2026-08-14 14:11:32.285,137.028,139412,1102.24,137.39,964.85
2026-08-14 14:11:32.285,137.028,139512,1102.38,137.53,964.85
2026-08-14 14:11:32.490,137.234,139612,1102.25,137.4,964.85
2026-08-14 14:11:32.491,137.234,139712,1102.13,137.28,964.85
2026-08-14 14:11:32.693,137.437,139812,1102.1,137.25,964.85
2026-08-14 14:11:32.694,137.437,139912,1102.06,137.21,964.85
2026-08-14 14:11:32.897,137.641,140012,1102.26,137.41,964.85
2026-08-14 14:11:32.898,137.641,140112,1101.95,137.1,964.85
2026-08-14 14:11:33.105,137.848,140212,1102.05,137.2,964.85
2026-08-14 14:11:33.105,137.848,140312,1101.98,137.13,964.85
2026-08-14 14:11:33.310,138.054,140412,1102.1,137.25,964.85
2026-08-14 14:11:33.312,138.056,140512,1102.15,137.3,964.85
2026-08-14 14:11:33.518,138.261,140612,1101.81,136.96,964.85
2026-08-14 14:11:33.518,138.262,140712,1101.73,136.88,964.85
2026-08-14 14:11:33.725,138.469,140812,1101.68,136.83,964.85
2026-08-14 14:11:33.725,138.469,140912,1101.83,136.98,964.85
2026-08-14 14:11:33.726,138.469,141012,1101.59,136.74,964.85
2026-08-14 14:11:33.933,138.676,141112,1101.51,136.66,964.85
2026-08-14 14:11:33.933,138.676,141212,1101.36,136.51,964.85
2026-08-14 14:11:34.138,138.882,141313,1101.39,136.54,964.85
2026-08-14 14:11:34.139,138.882,141412,1101.56,136.71,964.85
2026-08-14 14:11:34.346,139.09,141512,1101.59,136.74,964.85
2026-08-14 14:11:34.352,139.096,141613,1101.71,136.86,964.85
2026-08-14 14:11:34.553,139.296,141712,1102.11,137.26,964.85
2026-08-14 14:11:34.553,139.297,141812,1102.64,137.79,964.85
2026-08-14 14:11:34.761,139.505,141913,1102.95,138.1,964.85
2026-08-14 14:11:34.762,139.505,142012,1103.19,138.34,964.85
2026-08-14 14:11:34.967,139.71,142112,1103.48,138.63,964.85
2026-08-14 14:11:34.967,139.71,142213,1103.69,138.84,964.85
2026-08-14 14:11:35.174,139.918,142312,1104.28,139.43,964.85
2026-08-14 14:11:35.174,139.918,142412,1104.75,139.9,964.85
2026-08-14 14:11:35.382,140.125,142513,1104.92,140.07,964.85
2026-08-14 14:11:35.382,140.126,142612,1105.28,140.43,964.85
2026-08-14 14:11:35.587,140.33,142712,1105.61,140.76,964.85
2026-08-14 14:11:35.587,140.33,142812,1106.16,141.31,964.85
2026-08-14 14:11:35.793,140.537,142912,1106.59,141.74,964.85
2026-08-14 14:11:35.793,140.537,143012,1106.96,142.11,964.85
2026-08-14 14:11:36.000,140.743,143112,1107.18,142.33,964.85
2026-08-14 14:11:36.000,140.743,143212,1107.43,142.58,964.85
2026-08-14 14:11:36.207,140.951,143312,1107.78,142.93,964.85
2026-08-14 14:11:36.208,140.951,143412,1108.07,143.22,964.85
2026-08-14 14:11:36.412,141.156,143512,1108.6,143.75,964.85
2026-08-14 14:11:36.413,141.156,143612,1108.91,144.06,964.85
2026-08-14 14:11:36.621,141.365,143712,1109.0,144.15,964.85
2026-08-14 14:11:36.621,141.365,143812,1109.27,144.42,964.85
2026-08-14 14:11:36.828,141.572,143912,1109.62,144.77,964.85
2026-08-14 14:11:36.828,141.572,144012,1110.01,145.16,964.85
2026-08-14 14:11:36.828,141.572,144112,1110.44,145.59,964.85
2026-08-14 14:11:37.036,141.78,144212,1110.83,145.98,964.85
2026-08-14 14:11:37.036,141.78,144312,1110.88,146.03,964.85
2026-08-14 14:11:37.244,141.987,144412,1111.04,146.19,964.85
2026-08-14 14:11:37.244,141.987,144513,1111.28,146.43,964.85
2026-08-14 14:11:37.449,142.193,144612,1111.53,146.68,964.85
2026-08-14 14:11:37.451,142.194,144712,1111.88,147.03,964.85
2026-08-14 14:11:37.654,142.398,144813,1112.28,147.43,964.85
2026-08-14 14:11:37.654,142.398,144912,1112.52,147.67,964.85
2026-08-14 14:11:37.861,142.604,145012,1112.62,147.77,964.85
2026-08-14 14:11:37.861,142.605,145113,1112.65,147.8,964.85
2026-08-14 14:11:38.068,142.812,145212,1112.79,147.94,964.85
2026-08-14 14:11:38.068,142.812,145312,1113.03,148.18,964.85
2026-08-14 14:11:38.276,143.019,145413,1113.24,148.39,964.85
2026-08-14 14:11:38.276,143.019,145512,1113.57,148.72,964.85
2026-08-14 14:11:38.483,143.227,145612,1113.61,148.76,964.85
2026-08-14 14:11:38.484,143.227,145713,1113.78,148.93,964.85
2026-08-14 14:11:38.691,143.434,145812,1113.9,149.05,964.85
2026-08-14 14:11:38.691,143.434,145912,1114.07,149.22,964.85
2026-08-14 14:11:38.897,143.64,146012,1114.32,149.47,964.85
2026-08-14 14:11:38.897,143.641,146112,1114.72,149.87,964.85
2026-08-14 14:11:39.104,143.848,146212,1114.78,149.93,964.85
2026-08-14 14:11:39.104,143.848,146312,1115.03,150.18,964.85
2026-08-14 14:11:39.311,144.055,146412,1115.06,150.21,964.85
2026-08-14 14:11:39.311,144.055,146512,1115.1,150.25,964.85
2026-08-14 14:11:39.520,144.263,146612,1115.11,150.26,964.85
2026-08-14 14:11:39.522,144.266,146712,1115.37,150.52,964.85
2026-08-14 14:11:39.526,144.269,146812,1115.51,150.66,964.85
2026-08-14 14:11:39.738,144.482,146912,1115.71,150.86,964.85
2026-08-14 14:11:39.739,144.482,147012,1115.89,151.04,964.85
2026-08-14 14:11:39.946,144.689,147112,1115.91,151.06,964.85
2026-08-14 14:11:39.946,144.69,147212,1116.02,151.17,964.85
2026-08-14 14:11:40.154,144.898,147312,1116.18,151.33,964.85
2026-08-14 14:11:40.154,144.898,147412,1116.15,151.3,964.85
2026-08-14 14:11:40.361,145.104,147512,1116.47,151.62,964.85
2026-08-14 14:11:40.361,145.105,147612,1116.72,151.87,964.85
2026-08-14 14:11:40.567,145.311,147713,1116.77,151.92,964.85
2026-08-14 14:11:40.568,145.311,147812,1117.22,152.37,964.85
2026-08-14 14:11:40.776,145.519,147912,1117.18,152.33,964.85
2026-08-14 14:11:40.776,145.519,148013,1117.31,152.46,964.85
2026-08-14 14:11:40.984,145.727,148112,1117.44,152.59,964.85
2026-08-14 14:11:40.984,145.728,148212,1117.65,152.8,964.85
2026-08-14 14:11:41.191,145.935,148313,1117.62,152.77,964.85
2026-08-14 14:11:41.191,145.935,148412,1117.82,152.97,964.85
2026-08-14 14:11:41.398,146.141,148512,1117.9,153.05,964.85
2026-08-14 14:11:41.398,146.141,148613,1117.85,153.0,964.85
2026-08-14 14:11:41.605,146.348,148712,1118.07,153.22,964.85
2026-08-14 14:11:41.607,146.35,148812,1118.06,153.21,964.85
2026-08-14 14:11:41.807,146.551,148913,1117.96,153.11,964.85
2026-08-14 14:11:41.808,146.551,149012,1118.11,153.26,964.85
2026-08-14 14:11:42.014,146.757,149112,1118.2,153.35,964.85
2026-08-14 14:11:42.014,146.757,149212,1118.25,153.4,964.85
2026-08-14 14:11:42.220,146.963,149312,1118.38,153.53,964.85
2026-08-14 14:11:42.220,146.964,149412,1118.45,153.6,964.85
2026-08-14 14:11:42.428,147.172,149512,1118.34,153.49,964.85
2026-08-14 14:11:42.429,147.172,149612,1118.33,153.48,964.85
2026-08-14 14:11:42.429,147.172,149712,1118.29,153.44,964.85
2026-08-14 14:11:42.637,147.381,149812,1118.46,153.61,964.85
2026-08-14 14:11:42.638,147.381,149912,1118.45,153.6,964.85
2026-08-14 14:11:42.843,147.586,150012,1118.42,153.57,964.85
2026-08-14 14:11:42.843,147.586,150112,1118.66,153.81,964.85
2026-08-14 14:11:43.051,147.795,150212,1118.47,153.62,964.85
2026-08-14 14:11:43.051,147.795,150312,1118.55,153.7,964.85
2026-08-14 14:11:43.258,148.001,150412,1118.58,153.73,964.85
2026-08-14 14:11:43.258,148.002,150512,1118.57,153.72,964.85
2026-08-14 14:11:43.465,148.209,150612,1118.58,153.73,964.85
2026-08-14 14:11:43.465,148.209,150712,1118.59,153.74,964.85
2026-08-14 14:11:43.671,148.415,150812,1118.72,153.87,964.85
2026-08-14 14:11:43.672,148.415,150913,1118.67,153.82,964.85
2026-08-14 14:11:43.876,148.619,151012,1118.74,153.89,964.85
2026-08-14 14:11:43.876,148.62,151112,1118.69,153.84,964.85
2026-08-14 14:11:44.082,148.826,151213,1118.77,153.92,964.85
2026-08-14 14:11:44.083,148.826,151312,1118.67,153.82,964.85
2026-08-14 14:11:44.290,149.034,151412,1118.73,153.88,964.85
2026-08-14 14:11:44.290,149.034,151513,1118.52,153.67,964.85
2026-08-14 14:11:44.495,149.239,151612,1118.85,154.0,964.85
2026-08-14 14:11:44.495,149.239,151712,1118.72,153.87,964.85
2026-08-14 14:11:44.701,149.445,151813,1118.72,153.87,964.85
2026-08-14 14:11:44.702,149.445,151912,1118.77,153.92,964.85
2026-08-14 14:11:44.911,149.655,152012,1118.8,153.95,964.85
2026-08-14 14:11:44.911,149.655,152113,1118.62,153.77,964.85
2026-08-14 14:11:45.118,149.862,152212,1118.55,153.7,964.85
2026-08-14 14:11:45.119,149.862,152312,1118.66,153.81,964.85
2026-08-14 14:11:45.325,150.069,152412,1118.69,153.84,964.85
2026-08-14 14:11:45.326,150.069,152512,1118.71,153.86,964.85
2026-08-14 14:11:45.326,150.069,152612,1118.69,153.84,964.85
2026-08-14 14:11:45.532,150.276,152712,1118.67,153.82,964.85
2026-08-14 14:11:45.532,150.276,152812,1118.77,153.92,964.85
2026-08-14 14:11:45.738,150.482,152912,1118.7,153.85,964.85
2026-08-14 14:11:45.739,150.482,153012,1118.63,153.78,964.85
2026-08-14 14:11:45.945,150.688,153112,1118.55,153.7,964.85
2026-08-14 14:11:45.945,150.688,153212,1118.59,153.74,964.85
2026-08-14 14:11:46.151,150.894,153312,1118.63,153.78,964.85
2026-08-14 14:11:46.151,150.894,153412,1118.61,153.76,964.85
2026-08-14 14:11:46.358,151.101,153512,1118.54,153.69,964.85
2026-08-14 14:11:46.358,151.101,153612,1118.69,153.84,964.85
2026-08-14 14:11:46.565,151.308,153712,1118.57,153.72,964.85
2026-08-14 14:11:46.565,151.308,153812,1118.52,153.67,964.85
2026-08-14 14:11:46.771,151.515,153912,1118.6,153.75,964.85
2026-08-14 14:11:46.772,151.515,154012,1118.47,153.62,964.85
2026-08-14 14:11:46.978,151.721,154113,1118.47,153.62,964.85
2026-08-14 14:11:46.978,151.721,154212,1118.53,153.68,964.85
2026-08-14 14:11:47.184,151.928,154312,1118.62,153.77,964.85
2026-08-14 14:11:47.184,151.928,154413,1118.44,153.59,964.85
2026-08-14 14:11:47.391,152.134,154512,1118.45,153.6,964.85
2026-08-14 14:11:47.391,152.134,154612,1118.46,153.61,964.85
2026-08-14 14:11:47.598,152.341,154713,1118.42,153.57,964.85
2026-08-14 14:11:47.598,152.341,154812,1118.53,153.68,964.85
2026-08-14 14:11:47.804,152.548,154912,1118.42,153.57,964.85
2026-08-14 14:11:47.805,152.548,155013,1118.3,153.45,964.85
2026-08-14 14:11:48.013,152.757,155112,1118.36,153.51,964.85
2026-08-14 14:11:48.014,152.757,155212,1118.39,153.54,964.85
2026-08-14 14:11:48.221,152.965,155313,1118.34,153.49,964.85
2026-08-14 14:11:48.221,152.965,155412,1118.37,153.52,964.85
2026-08-14 14:11:48.429,153.173,155512,1118.38,153.53,964.85
2026-08-14 14:11:48.429,153.173,155612,1118.3,153.45,964.85
2026-08-14 14:11:48.429,153.173,155712,1118.3,153.45,964.85
2026-08-14 14:11:48.635,153.378,155812,1118.27,153.42,964.85
2026-08-14 14:11:48.635,153.379,155912,1118.28,153.43,964.85
2026-08-14 14:11:48.842,153.586,156012,1118.24,153.39,964.85
2026-08-14 14:11:48.843,153.587,156112,1118.25,153.4,964.85
2026-08-14 14:11:49.049,153.793,156212,1118.18,153.33,964.85
2026-08-14 14:11:49.049,153.793,156312,1118.19,153.34,964.85
2026-08-14 14:11:49.257,154.001,156412,1118.27,153.42,964.85
2026-08-14 14:11:49.257,154.001,156512,1118.3,153.45,964.85
2026-08-14 14:11:49.464,154.207,156612,1118.4,153.55,964.85
2026-08-14 14:11:49.464,154.207,156712,1118.18,153.33,964.85
2026-08-14 14:11:49.671,154.415,156812,1118.08,153.23,964.85
2026-08-14 14:11:49.671,154.415,156912,1118.18,153.33,964.85
2026-08-14 14:11:49.878,154.621,157012,1118.03,153.18,964.85
2026-08-14 14:11:49.883,154.626,157112,1118.2,153.35,964.85
2026-08-14 14:11:50.083,154.827,157212,1118.16,153.31,964.85
2026-08-14 14:11:50.084,154.827,157313,1118.1,153.25,964.85
2026-08-14 14:11:50.289,155.033,157412,1118.09,153.24,964.85
2026-08-14 14:11:50.289,155.033,157512,1118.12,153.27,964.85
2026-08-14 14:11:50.497,155.24,157613,1118.02,153.17,964.85
2026-08-14 14:11:50.497,155.24,157712,1117.9,153.05,964.85
2026-08-14 14:11:50.704,155.448,157812,1117.97,153.12,964.85
2026-08-14 14:11:50.705,155.448,157913,1117.97,153.12,964.85
2026-08-14 14:11:50.911,155.655,158012,1117.99,153.14,964.85
2026-08-14 14:11:50.912,155.656,158112,1118.1,153.25,964.85
2026-08-14 14:11:51.116,155.86,158213,1117.94,153.09,964.85
2026-08-14 14:11:51.117,155.86,158312,1118.01,153.16,964.85
2026-08-14 14:11:51.323,156.066,158412,1117.92,153.07,964.85
2026-08-14 14:11:51.323,156.067,158513,1117.88,153.03,964.85
2026-08-14 14:11:51.531,156.274,158612,1117.88,153.03,964.85
2026-08-14 14:11:51.531,156.274,158712,1117.71,152.86,964.85
2026-08-14 14:11:51.531,156.274,158812,1117.87,153.02,964.85
2026-08-14 14:11:51.737,156.48,158912,1117.86,153.01,964.85
2026-08-14 14:11:51.737,156.481,159012,1117.87,153.02,964.85
2026-08-14 14:11:51.945,156.688,159112,1117.9,153.05,964.85
2026-08-14 14:11:51.946,156.689,159212,1117.9,153.05,964.85
2026-08-14 14:11:52.150,156.893,159312,1117.79,152.94,964.85
2026-08-14 14:11:52.150,156.893,159412,1117.84,152.99,964.85
2026-08-14 14:11:52.357,157.101,159512,1117.79,152.94,964.85
2026-08-14 14:11:52.357,157.101,159612,1117.8,152.95,964.85
2026-08-14 14:11:52.564,157.308,159712,1117.65,152.8,964.85
2026-08-14 14:11:52.565,157.308,159812,1117.68,152.83,964.85
2026-08-14 14:11:52.771,157.514,159912,1117.7,152.85,964.85
2026-08-14 14:11:52.771,157.514,160012,1117.72,152.87,964.85
2026-08-14 14:11:52.971,157.715,160112,1117.76,152.91,964.85
2026-08-14 14:11:52.972,157.715,160212,1117.67,152.82,964.85
2026-08-14 14:11:53.185,157.928,160312,1117.71,152.86,964.85
2026-08-14 14:11:53.185,157.928,160412,1117.62,152.77,964.85
2026-08-14 14:11:53.386,158.13,160513,1117.63,152.78,964.85
2026-08-14 14:11:53.387,158.13,160612,1117.6,152.75,964.85
2026-08-14 14:11:53.592,158.336,160712,1117.8,152.95,964.85
2026-08-14 14:11:53.593,158.336,160813,1117.68,152.83,964.85
2026-08-14 14:11:53.794,158.538,160912,1117.58,152.73,964.85
2026-08-14 14:11:53.795,158.538,161012,1117.57,152.72,964.85
2026-08-14 14:11:54.000,158.744,161113,1117.51,152.66,964.85
2026-08-14 14:11:54.001,158.744,161212,1117.6,152.75,964.85
2026-08-14 14:11:54.203,158.946,161312,1117.45,152.6,964.85
2026-08-14 14:11:54.203,158.946,161413,1117.46,152.61,964.85
2026-08-14 14:11:54.408,159.152,161512,1117.54,152.69,964.85
2026-08-14 14:11:54.408,159.152,161612,1117.51,152.66,964.85
2026-08-14 14:11:54.617,159.36,161713,1117.56,152.71,964.85
2026-08-14 14:11:54.617,159.361,161812,1117.44,152.59,964.85
2026-08-14 14:11:54.822,159.565,161912,1117.51,152.66,964.85
2026-08-14 14:11:54.822,159.565,162012,1117.38,152.53,964.85
2026-08-14 14:11:55.029,159.772,162112,1117.53,152.68,964.85
2026-08-14 14:11:55.029,159.773,162212,1117.42,152.57,964.85
2026-08-14 14:11:55.029,159.773,162312,1117.45,152.6,964.85
2026-08-14 14:11:55.236,159.979,162412,1117.4,152.55,964.85
2026-08-14 14:11:55.236,159.98,162512,1117.39,152.54,964.85
2026-08-14 14:11:55.443,160.187,162612,1117.52,152.67,964.85
2026-08-14 14:11:55.443,160.187,162712,1117.4,152.55,964.85
2026-08-14 14:11:55.649,160.393,162812,1117.36,152.51,964.85
2026-08-14 14:11:55.650,160.393,162912,1117.26,152.41,964.85
2026-08-14 14:11:55.855,160.598,163012,1117.4,152.55,964.85
2026-08-14 14:11:55.855,160.599,163112,1117.38,152.53,964.85
2026-08-14 14:11:56.061,160.804,163212,1117.26,152.41,964.85
2026-08-14 14:11:56.061,160.805,163312,1117.25,152.4,964.85
2026-08-14 14:11:56.269,161.012,163412,1117.3,152.45,964.85
2026-08-14 14:11:56.269,161.012,163512,1117.43,152.58,964.85
2026-08-14 14:11:56.475,161.219,163612,1117.4,152.55,964.85
2026-08-14 14:11:56.476,161.219,163713,1117.37,152.52,964.85
2026-08-14 14:11:56.680,161.424,163812,1117.33,152.48,964.85
2026-08-14 14:11:56.680,161.424,163912,1117.3,152.45,964.85
2026-08-14 14:11:56.886,161.63,164013,1117.22,152.37,964.85
2026-08-14 14:11:56.886,161.63,164112,1117.27,152.42,964.85
2026-08-14 14:11:57.092,161.835,164212,1117.4,152.55,964.85
2026-08-14 14:11:57.092,161.835,164313,1117.22,152.37,964.85
2026-08-14 14:11:57.306,162.05,164412,1117.36,152.51,964.85
2026-08-14 14:11:57.307,162.05,164512,1117.26,152.41,964.85
2026-08-14 14:11:57.512,162.255,164613,1117.25,152.4,964.85
2026-08-14 14:11:57.512,162.256,164712,1117.31,152.46,964.85
2026-08-14 14:11:57.717,162.461,164812,1117.31,152.46,964.85
2026-08-14 14:11:57.718,162.461,164913,1117.1,152.25,964.85
2026-08-14 14:11:57.925,162.669,165012,1117.18,152.33,964.85
2026-08-14 14:11:57.926,162.669,165112,1117.29,152.44,964.85
2026-08-14 14:11:57.928,162.672,165212,1117.19,152.34,964.85
2026-08-14 14:11:58.133,162.877,165312,1117.25,152.4,964.85
2026-08-14 14:11:58.133,162.877,165412,1117.09,152.24,964.85
2026-08-14 14:11:58.338,163.082,165512,1117.07,152.22,964.85
2026-08-14 14:11:58.338,163.082,165612,1117.05,152.2,964.85
2026-08-14 14:11:58.544,163.288,165712,1117.18,152.33,964.85
2026-08-14 14:11:58.545,163.288,165812,1116.91,152.06,964.85
2026-08-14 14:11:58.752,163.495,165912,1117.08,152.23,964.85
2026-08-14 14:11:58.752,163.495,166012,1117.12,152.27,964.85
2026-08-14 14:11:58.957,163.701,166112,1117.13,152.28,964.85
2026-08-14 14:11:58.958,163.701,166212,1117.22,152.37,964.85
2026-08-14 14:11:59.161,163.904,166312,1117.13,152.28,964.85
2026-08-14 14:11:59.161,163.905,166412,1117.13,152.28,964.85
2026-08-14 14:11:59.372,164.116,166512,1117.13,152.28,964.85
2026-08-14 14:11:59.373,164.116,166612,1117.15,152.3,964.85
2026-08-14 14:11:59.577,164.321,166712,1117.11,152.26,964.85
2026-08-14 14:11:59.578,164.321,166812,1117.01,152.16,964.85
2026-08-14 14:11:59.781,164.524,166913,1117.1,152.25,964.85
2026-08-14 14:11:59.781,164.525,167012,1117.12,152.27,964.85
2026-08-14 14:11:59.989,164.732,167112,1117.17,152.32,964.85
2026-08-14 14:11:59.989,164.732,167213,1117.08,152.23,964.85
2026-08-14 14:12:00.195,164.939,167312,1117.12,152.27,964.85
2026-08-14 14:12:00.195,164.939,167412,1117.05,152.2,964.85
2026-08-14 14:12:00.396,165.139,167513,1116.92,152.07,964.85
2026-08-14 14:12:00.396,165.14,167612,1117.04,152.19,964.85
2026-08-14 14:12:00.597,165.34,167712,1116.95,152.1,964.85
2026-08-14 14:12:00.597,165.34,167813,1117.15,152.3,964.85
2026-08-14 14:12:00.802,165.546,167912,1117.11,152.26,964.85
2026-08-14 14:12:00.803,165.546,168012,1116.98,152.13,964.85
2026-08-14 14:12:01.007,165.751,168113,1117.11,152.26,964.85
2026-08-14 14:12:01.008,165.751,168212,1117.03,152.18,964.85
2026-08-14 14:12:01.213,165.956,168312,1117.1,152.25,964.85
2026-08-14 14:12:01.213,165.956,168412,1117.11,152.26,964.85
2026-08-14 14:12:01.425,166.169,168512,1117.03,152.18,964.85
2026-08-14 14:12:01.426,166.169,168612,1117.15,152.3,964.85
2026-08-14 14:12:01.431,166.174,168712,1117.18,152.33,964.85
2026-08-14 14:12:01.632,166.376,168812,1117.21,152.36,964.85
2026-08-14 14:12:01.633,166.376,168912,1117.15,152.3,964.85
2026-08-14 14:12:01.840,166.584,169012,1117.15,152.3,964.85
2026-08-14 14:12:01.840,166.584,169112,1117.17,152.32,964.85
2026-08-14 14:12:02.045,166.789,169212,1117.26,152.41,964.85
2026-08-14 14:12:02.045,166.789,169312,1117.19,152.34,964.85
2026-08-14 14:12:02.252,166.996,169412,1117.2,152.35,964.85
2026-08-14 14:12:02.253,166.997,169512,1117.19,152.34,964.85
2026-08-14 14:12:02.460,167.204,169612,1117.21,152.36,964.85
2026-08-14 14:12:02.460,167.204,169712,1117.23,152.38,964.85
2026-08-14 14:12:02.668,167.411,169812,1117.14,152.29,964.85
2026-08-14 14:12:02.668,167.411,169912,1117.21,152.36,964.85
2026-08-14 14:12:02.875,167.618,170012,1117.13,152.28,964.85
2026-08-14 14:12:02.875,167.619,170113,1117.25,152.4,964.85
2026-08-14 14:12:03.081,167.824,170212,1117.26,152.41,964.85
2026-08-14 14:12:03.081,167.825,170312,1117.09,152.24,964.85
2026-08-14 14:12:03.288,168.031,170413,1117.14,152.29,964.85
2026-08-14 14:12:03.288,168.031,170512,1117.21,152.36,964.85
2026-08-14 14:12:03.491,168.234,170612,1117.18,152.33,964.85
2026-08-14 14:12:03.491,168.234,170713,1117.27,152.42,964.85
2026-08-14 14:12:03.699,168.442,170812,1117.32,152.47,964.85
2026-08-14 14:12:03.699,168.442,170912,1117.36,152.51,964.85
2026-08-14 14:12:03.904,168.647,171013,1117.38,152.53,964.85
2026-08-14 14:12:03.904,168.647,171112,1117.26,152.41,964.85
2026-08-14 14:12:04.105,168.848,171212,1117.25,152.4,964.85
2026-08-14 14:12:04.105,168.848,171313,1117.42,152.57,964.85
2026-08-14 14:12:04.314,169.057,171412,1117.44,152.59,964.85
2026-08-14 14:12:04.314,169.058,171512,1117.51,152.66,964.85
2026-08-14 14:12:04.526,169.27,171612,1117.54,152.69,964.85
2026-08-14 14:12:04.526,169.27,171712,1117.56,152.71,964.85
2026-08-14 14:12:04.531,169.274,171812,1117.52,152.67,964.85
2026-08-14 14:12:04.732,169.475,171912,1117.44,152.59,964.85
2026-08-14 14:12:04.732,169.475,172012,1117.47,152.62,964.85
2026-08-14 14:12:04.938,169.681,172112,1117.56,152.71,964.85
2026-08-14 14:12:04.938,169.682,172212,1117.64,152.79,964.85
2026-08-14 14:12:05.143,169.886,172312,1117.68,152.83,964.85
2026-08-14 14:12:05.143,169.887,172412,1117.61,152.76,964.85
2026-08-14 14:12:05.350,170.094,172512,1117.63,152.78,964.85
2026-08-14 14:12:05.351,170.094,172612,1117.61,152.76,964.85
2026-08-14 14:12:05.561,170.304,172712,1117.75,152.9,964.85
2026-08-14 14:12:05.561,170.304,172812,1117.61,152.76,964.85
2026-08-14 14:12:05.767,170.511,172912,1117.58,152.73,964.85
2026-08-14 14:12:05.767,170.511,173012,1117.69,152.84,964.85
2026-08-14 14:12:05.975,170.718,173112,1117.57,152.72,964.85
2026-08-14 14:12:05.975,170.718,173212,1117.79,152.94,964.85
2026-08-14 14:12:06.181,170.924,173313,1117.77,152.92,964.85
2026-08-14 14:12:06.181,170.925,173412,1117.8,152.95,964.85
2026-08-14 14:12:06.387,171.131,173512,1117.84,152.99,964.85
2026-08-14 14:12:06.388,171.131,173613,1117.92,153.07,964.85
2026-08-14 14:12:06.597,171.341,173712,1118.18,153.33,964.85
2026-08-14 14:12:06.597,171.341,173812,1118.27,153.42,964.85
2026-08-14 14:12:06.804,171.547,173913,1118.67,153.82,964.85
2026-08-14 14:12:06.804,171.548,174012,1118.56,153.71,964.85
2026-08-14 14:12:07.011,171.754,174112,1118.76,153.91,964.85
2026-08-14 14:12:07.011,171.755,174213,1118.65,153.8,964.85
2026-08-14 14:12:07.219,171.962,174312,1118.83,153.98,964.85
2026-08-14 14:12:07.219,171.962,174412,1118.88,154.03,964.85
2026-08-14 14:12:07.425,172.169,174513,1118.81,153.96,964.85
2026-08-14 14:12:07.426,172.169,174612,1118.79,153.94,964.85
2026-08-14 14:12:07.631,172.375,174712,1119.03,154.18,964.85
2026-08-14 14:12:07.631,172.375,174812,1119.05,154.2,964.85
2026-08-14 14:12:07.631,172.375,174912,1119.01,154.16,964.85
2026-08-14 14:12:07.836,172.58,175012,1119.07,154.22,964.85
2026-08-14 14:12:07.836,172.58,175112,1119.11,154.26,964.85
2026-08-14 14:12:08.049,172.793,175212,1119.13,154.28,964.85
2026-08-14 14:12:08.049,172.793,175312,1119.22,154.37,964.85
2026-08-14 14:12:08.256,172.999,175412,1119.24,154.39,964.85
2026-08-14 14:12:08.256,172.999,175512,1119.28,154.43,964.85
2026-08-14 14:12:08.459,173.203,175612,1119.32,154.47,964.85
2026-08-14 14:12:08.460,173.204,175712,1119.29,154.44,964.85
2026-08-14 14:12:08.665,173.409,175812,1119.35,154.5,964.85
2026-08-14 14:12:08.665,173.409,175912,1119.45,154.6,964.85
2026-08-14 14:12:08.873,173.616,176012,1119.44,154.59,964.85
2026-08-14 14:12:08.873,173.616,176112,1119.48,154.63,964.85
2026-08-14 14:12:09.079,173.822,176212,1119.55,154.7,964.85
2026-08-14 14:12:09.079,173.823,176312,1119.65,154.8,964.85
2026-08-14 14:12:09.286,174.03,176412,1119.73,154.88,964.85
2026-08-14 14:12:09.286,174.03,176513,1119.76,154.91,964.85
2026-08-14 14:12:09.493,174.237,176612,1119.67,154.82,964.85
2026-08-14 14:12:09.493,174.237,176712,1119.67,154.82,964.85
2026-08-14 14:12:09.700,174.444,176813,1119.66,154.81,964.85
2026-08-14 14:12:09.701,174.444,176912,1119.61,154.76,964.85
2026-08-14 14:12:09.909,174.652,177012,1119.83,154.98,964.85
2026-08-14 14:12:09.909,174.653,177113,1119.81,154.96,964.85
2026-08-14 14:12:10.117,174.86,177212,1119.84,154.99,964.85
2026-08-14 14:12:10.117,174.86,177312,1119.9,155.05,964.85
2026-08-14 14:12:10.324,175.067,177413,1119.93,155.08,964.85
2026-08-14 14:12:10.324,175.067,177512,1119.97,155.12,964.85
2026-08-14 14:12:10.529,175.273,177612,1119.9,155.05,964.85
2026-08-14 14:12:10.530,175.273,177713,1120.0,155.15,964.85
2026-08-14 14:12:10.734,175.477,177812,1119.95,155.1,964.85
2026-08-14 14:12:10.734,175.478,177912,1119.99,155.14,964.85
2026-08-14 14:12:10.734,175.478,178012,1120.13,155.28,964.85
2026-08-14 14:12:10.941,175.685,178112,1120.08,155.23,964.85
2026-08-14 14:12:10.942,175.685,178212,1120.14,155.29,964.85
2026-08-14 14:12:11.149,175.893,178312,1120.13,155.28,964.85
2026-08-14 14:12:11.149,175.893,178412,1120.04,155.19,964.85
2026-08-14 14:12:11.355,176.099,178512,1120.01,155.16,964.85
2026-08-14 14:12:11.355,176.099,178612,1120.07,155.22,964.85
2026-08-14 14:12:11.563,176.307,178712,1120.11,155.26,964.85
2026-08-14 14:12:11.564,176.307,178812,1120.27,155.42,964.85
2026-08-14 14:12:11.767,176.51,178912,1120.39,155.54,964.85
2026-08-14 14:12:11.767,176.51,179012,1120.34,155.49,964.85
2026-08-14 14:12:11.973,176.717,179112,1120.24,155.39,964.85
2026-08-14 14:12:11.974,176.717,179212,1120.28,155.43,964.85
2026-08-14 14:12:12.181,176.925,179312,1120.17,155.32,964.85
2026-08-14 14:12:12.181,176.925,179412,1120.25,155.4,964.85
2026-08-14 14:12:12.389,177.132,179512,1120.48,155.63,964.85
2026-08-14 14:12:12.389,177.132,179612,1120.55,155.7,964.85
2026-08-14 14:12:12.597,177.34,179713,1120.65,155.8,964.85
2026-08-14 14:12:12.597,177.341,179812,1120.72,155.87,964.85
2026-08-14 14:12:12.803,177.546,179912,1120.89,156.04,964.85
2026-08-14 14:12:12.803,177.546,180013,1121.53,156.68,964.85
2026-08-14 14:12:13.010,177.754,180112,1123.07,158.22,964.85
2026-08-14 14:12:13.011,177.754,180212,1129.5,164.65,964.85
2026-08-14 14:12:13.216,177.96,180313,1132.95,168.1,964.85
2026-08-14 14:12:13.217,177.96,180412,1136.18,171.33,964.85
2026-08-14 14:12:13.424,178.167,180512,1138.91,174.06,964.85
2026-08-14 14:12:13.424,178.168,180613,1141.5,176.65,964.85
2026-08-14 14:12:13.633,178.377,180712,1143.95,179.1,964.85
2026-08-14 14:12:13.633,178.377,180812,1146.12,181.27,964.85
2026-08-14 14:12:13.633,178.377,180913,1148.75,183.9,964.85
2026-08-14 14:12:13.836,178.58,181012,1150.68,185.83,964.85
2026-08-14 14:12:13.836,178.58,181112,1152.77,187.92,964.85
2026-08-14 14:12:14.043,178.786,181212,1154.39,189.54,964.85
2026-08-14 14:12:14.043,178.787,181312,1156.34,191.49,964.85
2026-08-14 14:12:14.256,178.999,181412,1158.19,193.34,964.85
2026-08-14 14:12:14.256,178.999,181512,1159.95,195.1,964.85
2026-08-14 14:12:14.459,179.202,181612,1161.21,196.36,964.85
2026-08-14 14:12:14.459,179.202,181712,1162.58,197.73,964.85
2026-08-14 14:12:14.665,179.408,181812,1164.66,199.81,964.85
2026-08-14 14:12:14.667,179.411,181912,1165.72,200.87,964.85
2026-08-14 14:12:14.870,179.614,182012,1167.23,202.38,964.85
2026-08-14 14:12:14.871,179.614,182112,1168.39,203.54,964.85
2026-08-14 14:12:15.078,179.821,182212,1169.59,204.74,964.85
2026-08-14 14:12:15.078,179.821,182312,1171.12,206.27,964.85
2026-08-14 14:12:15.285,180.028,182412,1172.2,207.35,964.85
2026-08-14 14:12:15.285,180.029,182512,1173.7,208.85,964.85
2026-08-14 14:12:15.492,180.235,182612,1174.38,209.53,964.85
2026-08-14 14:12:15.492,180.235,182712,1175.44,210.59,964.85
2026-08-14 14:12:15.699,180.443,182812,1176.47,211.62,964.85
2026-08-14 14:12:15.700,180.443,182913,1177.75,212.9,964.85
2026-08-14 14:12:15.904,180.648,183012,1178.4,213.55,964.85
2026-08-14 14:12:15.905,180.648,183112,1179.51,214.66,964.85
2026-08-14 14:12:16.112,180.856,183213,1180.63,215.78,964.85
2026-08-14 14:12:16.112,180.856,183312,1181.11,216.26,964.85
2026-08-14 14:12:16.319,181.063,183412,1181.8,216.95,964.85
2026-08-14 14:12:16.319,181.063,183513,1182.74,217.89,964.85
2026-08-14 14:12:16.526,181.27,183612,1183.48,218.63,964.85
2026-08-14 14:12:16.526,181.27,183712,1184.25,219.4,964.85
2026-08-14 14:12:16.733,181.477,183813,1184.82,219.97,964.85
2026-08-14 14:12:16.735,181.479,183912,1185.78,220.93,964.85
2026-08-14 14:12:16.735,181.479,184012,1186.35,221.5,964.85
2026-08-14 14:12:16.939,181.683,184113,1186.81,221.96,964.85
2026-08-14 14:12:16.940,181.683,184212,1187.29,222.44,964.85
2026-08-14 14:12:17.150,181.893,184312,1188.01,223.16,964.85
2026-08-14 14:12:17.150,181.894,184412,1188.6,223.75,964.85
2026-08-14 14:12:17.357,182.1,184512,1188.95,224.1,964.85
2026-08-14 14:12:17.357,182.101,184612,1189.51,224.66,964.85
2026-08-14 14:12:17.561,182.304,184712,1190.13,225.28,964.85
2026-08-14 14:12:17.561,182.305,184812,1190.57,225.72,964.85
2026-08-14 14:12:17.769,182.512,184912,1190.82,225.97,964.85
2026-08-14 14:12:17.769,182.513,185012,1191.09,226.24,964.85
2026-08-14 14:12:17.972,182.715,185112,1191.84,226.99,964.85
2026-08-14 14:12:17.972,182.715,185212,1192.21,227.36,964.85
2026-08-14 14:12:18.183,182.927,185312,1192.43,227.58,964.85
2026-08-14 14:12:18.183,182.927,185412,1192.7,227.85,964.85
2026-08-14 14:12:18.389,183.132,185512,1193.35,228.5,964.85
2026-08-14 14:12:18.389,183.132,185612,1193.64,228.79,964.85
2026-08-14 14:12:18.596,183.339,185712,1193.99,229.14,964.85
2026-08-14 14:12:18.596,183.339,185812,1194.08,229.23,964.85
2026-08-14 14:12:18.803,183.546,185912,1194.49,229.64,964.85
2026-08-14 14:12:18.803,183.546,186012,1195.13,230.28,964.85
2026-08-14 14:12:19.008,183.751,186113,1195.14,230.29,964.85
2026-08-14 14:12:19.008,183.751,186212,1195.44,230.59,964.85
2026-08-14 14:12:19.215,183.958,186312,1195.4,230.55,964.85
2026-08-14 14:12:19.215,183.958,186413,1195.96,231.11,964.85
2026-08-14 14:12:19.421,184.164,186512,1196.33,231.48,964.85
2026-08-14 14:12:19.421,184.164,186612,1196.52,231.67,964.85
2026-08-14 14:12:19.628,184.372,186713,1196.57,231.72,964.85
2026-08-14 14:12:19.628,184.372,186812,1196.71,231.86,964.85
2026-08-14 14:12:19.837,184.581,186912,1197.27,232.42,964.85
2026-08-14 14:12:19.838,184.582,187013,1197.35,232.5,964.85
2026-08-14 14:12:19.838,184.582,187112,1197.58,232.73,964.85
2026-08-14 14:12:20.041,184.785,187212,1197.57,232.72,964.85
2026-08-14 14:12:20.041,184.785,187313,1197.68,232.83,964.85
2026-08-14 14:12:20.249,184.992,187412,1198.37,233.52,964.85
2026-08-14 14:12:20.249,184.993,187512,1198.29,233.44,964.85
2026-08-14 14:12:20.457,185.201,187612,1198.59,233.74,964.85
2026-08-14 14:12:20.458,185.201,187712,1198.55,233.7,964.85
2026-08-14 14:12:20.666,185.41,187812,1198.83,233.98,964.85
2026-08-14 14:12:20.666,185.41,187912,1199.26,234.41,964.85
2026-08-14 14:12:20.874,185.617,188012,1199.41,234.56,964.85
2026-08-14 14:12:20.874,185.618,188112,1199.62,234.77,964.85
2026-08-14 14:12:21.076,185.819,188212,1199.57,234.72,964.85
2026-08-14 14:12:21.076,185.819,188312,1199.89,235.04,964.85
2026-08-14 14:12:21.284,186.028,188412,1200.38,235.53,964.85
2026-08-14 14:12:21.284,186.028,188512,1200.43,235.58,964.85
2026-08-14 14:12:21.489,186.233,188612,1200.51,235.66,964.85
2026-08-14 14:12:21.489,186.233,188712,1200.59,235.74,964.85
2026-08-14 14:12:21.696,186.44,188812,1200.94,236.09,964.85
2026-08-14 14:12:21.696,186.44,188912,1201.13,236.28,964.85
2026-08-14 14:12:21.905,186.649,189012,1201.33,236.48,964.85
2026-08-14 14:12:21.907,186.65,189112,1201.35,236.5,964.85
2026-08-14 14:12:22.110,186.854,189212,1201.45,236.6,964.85
2026-08-14 14:12:22.110,186.854,189313,1201.68,236.83,964.85
2026-08-14 14:12:22.317,187.061,189412,1201.81,236.96,964.85
2026-08-14 14:12:22.317,187.061,189512,1202.05,237.2,964.85
2026-08-14 14:12:22.525,187.268,189613,1201.96,237.11,964.85
2026-08-14 14:12:22.525,187.268,189712,1202.01,237.16,964.85
2026-08-14 14:12:22.731,187.475,189812,1202.15,237.3,964.85
2026-08-14 14:12:22.732,187.475,189913,1202.49,237.64,964.85
2026-08-14 14:12:22.937,187.68,190012,1202.4,237.55,964.85
2026-08-14 14:12:22.937,187.681,190112,1202.55,237.7,964.85
2026-08-14 14:12:22.937,187.681,190213,1202.37,237.52,964.85
2026-08-14 14:12:23.143,187.886,190312,1202.44,237.59,964.85
2026-08-14 14:12:23.143,187.887,190412,1202.73,237.88,964.85
2026-08-14 14:12:23.348,188.092,190513,1202.72,237.87,964.85
2026-08-14 14:12:23.348,188.092,190612,1202.83,237.98,964.85
2026-08-14 14:12:23.553,188.297,190712,1202.67,237.82,964.85
2026-08-14 14:12:23.553,188.297,190812,1202.66,237.81,964.85
2026-08-14 14:12:23.758,188.502,190912,1202.72,237.87,964.85
2026-08-14 14:12:23.758,188.502,191012,1202.86,238.01,964.85
2026-08-14 14:12:23.966,188.709,191112,1202.99,238.14,964.85
2026-08-14 14:12:23.966,188.71,191212,1202.8,237.95,964.85
2026-08-14 14:12:24.179,188.923,191312,1202.75,237.9,964.85
2026-08-14 14:12:24.179,188.923,191412,1202.9,238.05,964.85
2026-08-14 14:12:24.386,189.13,191512,1202.88,238.03,964.85
2026-08-14 14:12:24.387,189.13,191612,1202.86,238.01,964.85
2026-08-14 14:12:24.593,189.337,191712,1202.77,237.92,964.85
2026-08-14 14:12:24.593,189.337,191812,1202.7,237.85,964.85
2026-08-14 14:12:24.800,189.544,191912,1202.56,237.71,964.85
2026-08-14 14:12:24.800,189.544,192012,1202.47,237.62,964.85
2026-08-14 14:12:25.007,189.75,192112,1202.58,237.73,964.85
2026-08-14 14:12:25.007,189.751,192212,1202.7,237.85,964.85
2026-08-14 14:12:25.211,189.954,192312,1202.65,237.8,964.85
2026-08-14 14:12:25.211,189.954,192412,1202.44,237.59,964.85
2026-08-14 14:12:25.416,190.159,192513,1202.3,237.45,964.85
2026-08-14 14:12:25.416,190.159,192612,1202.4,237.55,964.85
2026-08-14 14:12:25.622,190.365,192712,1202.55,237.7,964.85
2026-08-14 14:12:25.622,190.365,192813,1202.56,237.71,964.85
2026-08-14 14:12:25.828,190.572,192912,1202.36,237.51,964.85
2026-08-14 14:12:25.828,190.572,193012,1202.21,237.36,964.85
2026-08-14 14:12:26.037,190.78,193113,1202.17,237.32,964.85
2026-08-14 14:12:26.037,190.781,193212,1202.17,237.32,964.85
2026-08-14 14:12:26.037,190.781,193312,1202.28,237.43,964.85
2026-08-14 14:12:26.249,190.993,193413,1202.18,237.33,964.85
2026-08-14 14:12:26.249,190.993,193512,1201.98,237.13,964.85
2026-08-14 14:12:26.461,191.205,193612,1202.0,237.15,964.85
2026-08-14 14:12:26.461,191.205,193713,1202.01,237.16,964.85
2026-08-14 14:12:26.663,191.406,193812,1202.11,237.26,964.85
2026-08-14 14:12:26.663,191.406,193912,1202.04,237.19,964.85
2026-08-14 14:12:26.870,191.613,194012,1202.02,237.17,964.85
2026-08-14 14:12:26.870,191.614,194112,1202.0,237.15,964.85
2026-08-14 14:12:27.078,191.821,194212,1201.77,236.92,964.85
2026-08-14 14:12:27.078,191.821,194312,1201.6,236.75,964.85
2026-08-14 14:12:27.280,192.024,194412,1201.7,236.85,964.85
2026-08-14 14:12:27.281,192.024,194512,1201.84,236.99,964.85
2026-08-14 14:12:27.485,192.229,194612,1201.64,236.79,964.85
2026-08-14 14:12:27.485,192.229,194712,1201.55,236.7,964.85
2026-08-14 14:12:27.691,192.435,194812,1201.34,236.49,964.85
2026-08-14 14:12:27.692,192.435,194912,1201.32,236.47,964.85
2026-08-14 14:12:27.897,192.64,195012,1201.35,236.5,964.85
2026-08-14 14:12:27.897,192.64,195112,1201.44,236.59,964.85
2026-08-14 14:12:28.103,192.846,195212,1201.29,236.44,964.85
2026-08-14 14:12:28.103,192.847,195312,1201.16,236.31,964.85
2026-08-14 14:12:28.314,193.058,195412,1201.02,236.17,964.85
2026-08-14 14:12:28.315,193.058,195512,1200.9,236.05,964.85
2026-08-14 14:12:28.519,193.262,195612,1200.83,235.98,964.85
2026-08-14 14:12:28.519,193.262,195713,1201.01,236.16,964.85
2026-08-14 14:12:28.724,193.468,195812,1200.85,236.0,964.85
2026-08-14 14:12:28.725,193.468,195912,1200.83,235.98,964.85
2026-08-14 14:12:28.931,193.674,196013,1200.72,235.87,964.85
2026-08-14 14:12:28.931,193.674,196112,1200.49,235.64,964.85
2026-08-14 14:12:29.136,193.88,196212,1200.34,235.49,964.85
2026-08-14 14:12:29.137,193.88,196313,1200.58,235.73,964.85
2026-08-14 14:12:29.137,193.88,196412,1200.5,235.65,964.85
2026-08-14 14:12:29.348,194.092,196512,1200.32,235.47,964.85
2026-08-14 14:12:29.349,194.092,196613,1200.19,235.34,964.85
2026-08-14 14:12:29.553,194.296,196712,1200.02,235.17,964.85
2026-08-14 14:12:29.553,194.296,196812,1199.95,235.1,964.85
2026-08-14 14:12:29.757,194.501,196913,1200.02,235.17,964.85
2026-08-14 14:12:29.757,194.501,197012,1200.01,235.16,964.85
2026-08-14 14:12:29.964,194.708,197112,1200.07,235.22,964.85
2026-08-14 14:12:29.965,194.708,197212,1199.83,234.98,964.85
2026-08-14 14:12:30.171,194.915,197312,1199.62,234.77,964.85
2026-08-14 14:12:30.172,194.915,197412,1199.55,234.7,964.85
2026-08-14 14:12:30.383,195.127,197512,1199.65,234.8,964.85
2026-08-14 14:12:30.383,195.127,197612,1199.66,234.81,964.85
2026-08-14 14:12:30.590,195.334,197712,1199.71,234.86,964.85
2026-08-14 14:12:30.591,195.334,197812,1199.58,234.73,964.85
2026-08-14 14:12:30.798,195.541,197912,1199.35,234.5,964.85
2026-08-14 14:12:30.798,195.542,198012,1199.38,234.53,964.85
2026-08-14 14:12:31.006,195.75,198112,1199.51,234.66,964.85
2026-08-14 14:12:31.006,195.75,198212,1199.26,234.41,964.85
2026-08-14 14:12:31.213,195.956,198312,1199.34,234.49,964.85
2026-08-14 14:12:31.213,195.957,198412,1199.21,234.36,964.85
2026-08-14 14:12:31.416,196.16,198512,1199.15,234.3,964.85
2026-08-14 14:12:31.416,196.16,198612,1199.07,234.22,964.85
2026-08-14 14:12:31.623,196.367,198712,1199.1,234.25,964.85
2026-08-14 14:12:31.623,196.367,198812,1199.21,234.36,964.85
2026-08-14 14:12:31.830,196.573,198913,1199.23,234.38,964.85
2026-08-14 14:12:31.830,196.574,199012,1199.24,234.39,964.85
2026-08-14 14:12:32.038,196.781,199112,1199.0,234.15,964.85
2026-08-14 14:12:32.038,196.781,199213,1199.04,234.19,964.85
2026-08-14 14:12:32.038,196.782,199312,1199.32,234.47,964.85
2026-08-14 14:12:32.247,196.99,199412,1199.12,234.27,964.85
2026-08-14 14:12:32.252,196.995,199513,1199.19,234.34,964.85
2026-08-14 14:12:32.457,197.201,199612,1199.11,234.26,964.85
2026-08-14 14:12:32.458,197.201,199712,1199.1,234.25,964.85
2026-08-14 14:12:32.658,197.402,199813,1199.1,234.25,964.85
2026-08-14 14:12:32.658,197.402,199912,1199.23,234.38,964.85
2026-08-14 14:12:32.867,197.611,200012,1199.35,234.5,964.85
2026-08-14 14:12:32.867,197.611,200113,1199.14,234.29,964.85
2026-08-14 14:12:33.070,197.814,200212,1199.07,234.22,964.85
2026-08-14 14:12:33.070,197.814,200312,1199.29,234.44,964.85
2026-08-14 14:12:33.271,198.014,200412,1199.35,234.5,964.85
2026-08-14 14:12:33.271,198.014,200512,1199.25,234.4,964.85
2026-08-14 14:12:33.473,198.216,200612,1199.51,234.66,964.85
2026-08-14 14:12:33.473,198.216,200712,1199.33,234.48,964.85
2026-08-14 14:12:33.676,198.419,200812,1199.37,234.52,964.85
2026-08-14 14:12:33.676,198.42,200912,1199.5,234.65,964.85
2026-08-14 14:12:33.879,198.622,201012,1199.52,234.67,964.85
2026-08-14 14:12:33.879,198.623,201112,1199.65,234.8,964.85
2026-08-14 14:12:34.090,198.834,201212,1199.6,234.75,964.85
2026-08-14 14:12:34.090,198.834,201312,1199.59,234.74,964.85
2026-08-14 14:12:34.297,199.04,201412,1199.75,234.9,964.85
2026-08-14 14:12:34.297,199.04,201512,1199.93,235.08,964.85
2026-08-14 14:12:34.503,199.246,201612,1199.79,234.94,964.85
2026-08-14 14:12:34.503,199.246,201712,1199.87,235.02,964.85
2026-08-14 14:12:34.710,199.453,201812,1199.9,235.05,964.85
2026-08-14 14:12:34.710,199.454,201912,1199.97,235.12,964.85
2026-08-14 14:12:34.920,199.663,202012,1200.2,235.35,964.85
2026-08-14 14:12:34.920,199.664,202113,1200.01,235.16,964.85
2026-08-14 14:12:35.125,199.869,202212,1200.14,235.29,964.85
2026-08-14 14:12:35.125,199.869,202312,1200.03,235.18,964.85
2026-08-14 14:12:35.331,200.075,202413,1200.14,235.29,964.85
2026-08-14 14:12:35.332,200.075,202512,1200.28,235.43,964.85
2026-08-14 14:12:35.537,200.281,202612,1200.29,235.44,964.85
2026-08-14 14:12:35.537,200.281,202713,1200.47,235.62,964.85
2026-08-14 14:12:35.538,200.281,202812,1200.25,235.4,964.85
2026-08-14 14:12:35.746,200.49,202912,1200.42,235.57,964.85
2026-08-14 14:12:35.746,200.49,203013,1200.6,235.75,964.85
2026-08-14 14:12:35.950,200.694,203112,1200.56,235.71,964.85
2026-08-14 14:12:35.951,200.694,203212,1200.73,235.88,964.85
2026-08-14 14:12:36.159,200.902,203313,1200.61,235.76,964.85
2026-08-14 14:12:36.159,200.903,203412,1200.71,235.86,964.85
2026-08-14 14:12:36.367,201.11,203512,1200.82,235.97,964.85
2026-08-14 14:12:36.367,201.111,203612,1200.99,236.14,964.85
2026-08-14 14:12:36.571,201.315,203712,1201.06,236.21,964.85
2026-08-14 14:12:36.572,201.315,203812,1201.07,236.22,964.85
2026-08-14 14:12:36.777,201.521,203912,1200.99,236.14,964.85
2026-08-14 14:12:36.777,201.521,204012,1201.21,236.36,964.85
2026-08-14 14:12:36.984,201.728,204112,1201.22,236.37,964.85
2026-08-14 14:12:36.984,201.728,204212,1201.33,236.48,964.85
2026-08-14 14:12:37.191,201.935,204312,1201.4,236.55,964.85
2026-08-14 14:12:37.191,201.935,204412,1201.36,236.51,964.85
2026-08-14 14:12:37.400,202.143,204512,1201.49,236.64,964.85
2026-08-14 14:12:37.400,202.144,204612,1201.67,236.82,964.85
2026-08-14 14:12:37.606,202.35,204712,1201.72,236.87,964.85
2026-08-14 14:12:37.606,202.35,204812,1201.95,237.1,964.85
2026-08-14 14:12:37.813,202.557,204912,1201.68,236.83,964.85
2026-08-14 14:12:37.814,202.557,205012,1201.51,236.66,964.85
2026-08-14 14:12:38.022,202.765,205112,1201.77,236.92,964.85
2026-08-14 14:12:38.022,202.765,205212,1201.91,237.06,964.85
2026-08-14 14:12:38.229,202.972,205313,1202.03,237.18,964.85
2026-08-14 14:12:38.229,202.973,205412,1201.99,237.14,964.85
2026-08-14 14:12:38.436,203.179,205512,1201.83,236.98,964.85
2026-08-14 14:12:38.436,203.18,205613,1202.05,237.2,964.85
2026-08-14 14:12:38.436,203.18,205712,1202.01,237.16,964.85
2026-08-14 14:12:38.640,203.384,205812,1202.03,237.18,964.85
2026-08-14 14:12:38.640,203.384,205913,1202.04,237.19,964.85
2026-08-14 14:12:38.851,203.594,206012,1201.95,237.1,964.85
2026-08-14 14:12:38.851,203.594,206112,1201.87,237.02,964.85
2026-08-14 14:12:39.056,203.8,206213,1202.11,237.26,964.85
2026-08-14 14:12:39.057,203.8,206312,1201.98,237.13,964.85
2026-08-14 14:12:39.264,204.007,206412,1202.04,237.19,964.85
2026-08-14 14:12:39.264,204.007,206513,1201.86,237.01,964.85
2026-08-14 14:12:39.470,204.214,206612,1201.81,236.96,964.85
2026-08-14 14:12:39.471,204.214,206712,1201.81,236.96,964.85
2026-08-14 14:12:39.674,204.418,206812,1201.86,237.01,964.85
2026-08-14 14:12:39.674,204.418,206912,1201.78,236.93,964.85
2026-08-14 14:12:39.880,204.623,207012,1201.72,236.87,964.85
2026-08-14 14:12:39.880,204.623,207112,1201.6,236.75,964.85
2026-08-14 14:12:40.086,204.829,207212,1201.6,236.75,964.85
2026-08-14 14:12:40.086,204.83,207312,1201.77,236.92,964.85
2026-08-14 14:12:40.293,205.037,207412,1201.59,236.74,964.85
2026-08-14 14:12:40.294,205.037,207512,1201.63,236.78,964.85
2026-08-14 14:12:40.501,205.245,207612,1201.48,236.63,964.85
2026-08-14 14:12:40.502,205.245,207712,1201.52,236.67,964.85
2026-08-14 14:12:40.709,205.452,207812,1201.49,236.64,964.85
2026-08-14 14:12:40.709,205.452,207912,1201.66,236.81,964.85
2026-08-14 14:12:40.917,205.66,208012,1201.46,236.61,964.85
2026-08-14 14:12:40.917,205.661,208112,1201.52,236.67,964.85
2026-08-14 14:12:41.124,205.868,208212,1201.37,236.52,964.85
2026-08-14 14:12:41.124,205.868,208312,1201.43,236.58,964.85
2026-08-14 14:12:41.332,206.075,208412,1201.55,236.7,964.85
2026-08-14 14:12:41.332,206.075,208513,1201.3,236.45,964.85
2026-08-14 14:12:41.538,206.282,208612,1201.39,236.54,964.85
2026-08-14 14:12:41.539,206.282,208712,1201.21,236.36,964.85
2026-08-14 14:12:41.541,206.284,208813,1201.2,236.35,964.85
2026-08-14 14:12:41.747,206.49,208912,1201.31,236.46,964.85
2026-08-14 14:12:41.747,206.49,209012,1201.41,236.56,964.85
2026-08-14 14:12:41.956,206.7,209113,1201.36,236.51,964.85
2026-08-14 14:12:41.957,206.7,209212,1201.13,236.28,964.85
2026-08-14 14:12:42.159,206.903,209312,1201.13,236.28,964.85
2026-08-14 14:12:42.160,206.903,209413,1201.0,236.15,964.85
2026-08-14 14:12:42.366,207.109,209512,1201.05,236.2,964.85
2026-08-14 14:12:42.366,207.11,209612,1201.12,236.27,964.85
2026-08-14 14:12:42.572,207.315,209713,1201.0,236.15,964.85
2026-08-14 14:12:42.572,207.315,209812,1200.97,236.12,964.85
2026-08-14 14:12:42.777,207.521,209912,1200.88,236.03,964.85
2026-08-14 14:12:42.778,207.521,210012,1200.71,235.86,964.85
2026-08-14 14:12:42.985,207.729,210112,1200.7,235.85,964.85
2026-08-14 14:12:42.986,207.729,210212,1200.95,236.1,964.85
2026-08-14 14:12:43.192,207.936,210312,1200.83,235.98,964.85
2026-08-14 14:12:43.192,207.936,210412,1200.65,235.8,964.85
2026-08-14 14:12:43.398,208.142,210512,1200.67,235.82,964.85
2026-08-14 14:12:43.399,208.142,210612,1200.74,235.89,964.85
2026-08-14 14:12:43.606,208.35,210712,1200.71,235.86,964.85
2026-08-14 14:12:43.607,208.35,210812,1200.75,235.9,964.85
2026-08-14 14:12:43.811,208.555,210912,1200.5,235.65,964.85
2026-08-14 14:12:43.811,208.555,211012,1200.42,235.57,964.85
2026-08-14 14:12:44.017,208.761,211112,1200.45,235.6,964.85
2026-08-14 14:12:44.017,208.761,211212,1200.53,235.68,964.85
2026-08-14 14:12:44.224,208.967,211312,1200.65,235.8,964.85
2026-08-14 14:12:44.224,208.968,211412,1200.41,235.56,964.85
2026-08-14 14:12:44.432,209.175,211512,1200.42,235.57,964.85
2026-08-14 14:12:44.432,209.175,211612,1200.38,235.53,964.85
2026-08-14 14:12:44.639,209.383,211713,1200.36,235.51,964.85
2026-08-14 14:12:44.640,209.383,211812,1200.27,235.42,964.85
2026-08-14 14:12:44.641,209.385,211912,1200.3,235.45,964.85
2026-08-14 14:12:44.846,209.59,212013,1200.27,235.42,964.85
2026-08-14 14:12:44.846,209.59,212112,1200.13,235.28,964.85
2026-08-14 14:12:45.053,209.796,212212,1200.24,235.39,964.85
2026-08-14 14:12:45.055,209.798,212313,1200.14,235.29,964.85
2026-08-14 14:12:45.256,209.999,212412,1200.23,235.38,964.85
2026-08-14 14:12:45.256,209.999,212512,1200.31,235.46,964.85
2026-08-14 14:12:45.462,210.205,212613,1200.03,235.18,964.85
2026-08-14 14:12:45.462,210.206,212712,1200.01,235.16,964.85
2026-08-14 14:12:45.667,210.411,212812,1200.09,235.24,964.85
2026-08-14 14:12:45.668,210.411,212913,1200.25,235.4,964.85
2026-08-14 14:12:45.881,210.624,213012,1200.29,235.44,964.85
2026-08-14 14:12:45.881,210.624,213112,1200.09,235.24,964.85
2026-08-14 14:12:46.088,210.831,213212,1200.09,235.24,964.85
2026-08-14 14:12:46.088,210.831,213312,1200.03,235.18,964.85
2026-08-14 14:12:46.294,211.038,213412,1200.18,235.33,964.85
2026-08-14 14:12:46.295,211.038,213512,1200.21,235.36,964.85
2026-08-14 14:12:46.503,211.246,213612,1200.28,235.43,964.85
2026-08-14 14:12:46.503,211.247,213712,1200.33,235.48,964.85
2026-08-14 14:12:46.707,211.45,213812,1200.13,235.28,964.85
2026-08-14 14:12:46.708,211.451,213912,1200.24,235.39,964.85
2026-08-14 14:12:46.915,211.658,214012,1200.31,235.46,964.85
2026-08-14 14:12:46.915,211.658,214112,1200.28,235.43,964.85
2026-08-14 14:12:47.123,211.866,214212,1200.34,235.49,964.85
2026-08-14 14:12:47.123,211.867,214312,1200.19,235.34,964.85
2026-08-14 14:12:47.329,212.072,214412,1200.16,235.31,964.85
2026-08-14 14:12:47.329,212.073,214512,1200.37,235.52,964.85
2026-08-14 14:12:47.535,212.279,214612,1200.43,235.58,964.85
2026-08-14 14:12:47.536,212.279,214712,1200.52,235.67,964.85
2026-08-14 14:12:47.752,212.496,214812,1200.45,235.6,964.85
2026-08-14 14:12:47.753,212.497,214913,1200.22,235.37,964.85
2026-08-14 14:12:47.754,212.497,215012,1200.39,235.54,964.85
2026-08-14 14:12:47.963,212.707,215112,1200.64,235.79,964.85
2026-08-14 14:12:47.964,212.707,215213,1200.49,235.64,964.85
2026-08-14 14:12:48.171,212.914,215312,1200.51,235.66,964.85
2026-08-14 14:12:48.171,212.915,215412,1200.42,235.57,964.85
2026-08-14 14:12:48.378,213.122,215513,1200.36,235.51,964.85
2026-08-14 14:12:48.379,213.122,215612,1200.46,235.61,964.85
2026-08-14 14:12:48.586,213.329,215712,1200.55,235.7,964.85
2026-08-14 14:12:48.586,213.33,215813,1200.48,235.63,964.85
2026-08-14 14:12:48.795,213.538,215912,1200.45,235.6,964.85
2026-08-14 14:12:48.796,213.539,216012,1200.27,235.42,964.85
2026-08-14 14:12:49.000,213.743,216113,1200.62,235.77,964.85
2026-08-14 14:12:49.000,213.743,216212,1200.77,235.92,964.85
2026-08-14 14:12:49.208,213.951,216312,1200.67,235.82,964.85
2026-08-14 14:12:49.208,213.951,216412,1200.7,235.85,964.85
2026-08-14 14:12:49.414,214.157,216512,1200.67,235.82,964.85
2026-08-14 14:12:49.414,214.157,216612,1200.78,235.93,964.85
2026-08-14 14:12:49.621,214.364,216712,1200.84,235.99,964.85
2026-08-14 14:12:49.621,214.365,216812,1200.75,235.9,964.85
2026-08-14 14:12:49.829,214.572,216912,1200.88,236.03,964.85
2026-08-14 14:12:49.829,214.572,217012,1200.63,235.78,964.85
2026-08-14 14:12:50.033,214.777,217112,1200.94,236.09,964.85
2026-08-14 14:12:50.034,214.777,217212,1201.05,236.2,964.85
2026-08-14 14:12:50.247,214.991,217312,1200.69,235.84,964.85
2026-08-14 14:12:50.247,214.991,217412,1201.17,236.32,964.85
2026-08-14 14:12:50.247,214.991,217512,1201.06,236.21,964.85
2026-08-14 14:12:50.451,215.195,217612,1200.98,236.13,964.85
2026-08-14 14:12:50.451,215.195,217712,1201.21,236.36,964.85
2026-08-14 14:12:50.657,215.401,217812,1201.24,236.39,964.85
2026-08-14 14:12:50.657,215.401,217912,1201.31,236.46,964.85
2026-08-14 14:12:50.864,215.608,218012,1201.2,236.35,964.85
2026-08-14 14:12:50.865,215.608,218113,1201.14,236.29,964.85
2026-08-14 14:12:51.068,215.811,218212,1201.17,236.32,964.85
2026-08-14 14:12:51.068,215.812,218312,1201.48,236.63,964.85
2026-08-14 14:12:51.274,216.017,218413,1201.48,236.63,964.85
2026-08-14 14:12:51.274,216.018,218512,1201.49,236.64,964.85
2026-08-14 14:12:51.481,216.224,218612,1201.36,236.51,964.85
2026-08-14 14:12:51.481,216.225,218713,1201.51,236.66,964.85
2026-08-14 14:12:51.687,216.431,218812,1201.52,236.67,964.85
2026-08-14 14:12:51.688,216.431,218912,1201.68,236.83,964.85
2026-08-14 14:12:51.895,216.638,219013,1201.6,236.75,964.85
2026-08-14 14:12:51.895,216.638,219112,1201.52,236.67,964.85
2026-08-14 14:12:52.100,216.844,219212,1201.54,236.69,964.85
2026-08-14 14:12:52.100,216.844,219313,1201.6,236.75,964.85
2026-08-14 14:12:52.308,217.051,219412,1201.91,237.06,964.85
2026-08-14 14:12:52.308,217.051,219512,1201.86,237.01,964.85
2026-08-14 14:12:52.516,217.259,219612,1201.87,237.02,964.85
2026-08-14 14:12:52.516,217.259,219712,1201.69,236.84,964.85
2026-08-14 14:12:52.722,217.466,219812,1201.51,236.66,964.85
2026-08-14 14:12:52.723,217.466,219912,1201.84,236.99,964.85
2026-08-14 14:12:52.930,217.674,220012,1201.84,236.99,964.85
2026-08-14 14:12:52.930,217.674,220112,1201.88,237.03,964.85
2026-08-14 14:12:53.137,217.881,220212,1201.66,236.81,964.85
2026-08-14 14:12:53.138,217.881,220312,1201.82,236.97,964.85
2026-08-14 14:12:53.343,218.087,220412,1201.9,237.05,964.85
2026-08-14 14:12:53.343,218.087,220512,1201.95,237.1,964.85
2026-08-14 14:12:53.344,218.087,220612,1202.08,237.23,964.85
2026-08-14 14:12:53.552,218.295,220712,1201.79,236.94,964.85
2026-08-14 14:12:53.552,218.296,220812,1201.95,237.1,964.85
2026-08-14 14:12:53.757,218.5,220912,1202.1,237.25,964.85
2026-08-14 14:12:53.757,218.5,221012,1202.08,237.23,964.85
2026-08-14 14:12:53.962,218.705,221112,1202.15,237.3,964.85
2026-08-14 14:12:53.962,218.705,221212,1202.09,237.24,964.85
2026-08-14 14:12:54.171,218.914,221313,1202.0,237.15,964.85
2026-08-14 14:12:54.171,218.915,221412,1202.02,237.17,964.85
2026-08-14 14:12:54.378,219.122,221512,1202.24,237.39,964.85
2026-08-14 14:12:54.379,219.122,221613,1202.18,237.33,964.85
2026-08-14 14:12:54.585,219.329,221712,1202.26,237.41,964.85
2026-08-14 14:12:54.585,219.329,221812,1202.03,237.18,964.85
2026-08-14 14:12:54.792,219.536,221913,1202.16,237.31,964.85
2026-08-14 14:12:54.792,219.536,222012,1202.27,237.42,964.85
2026-08-14 14:12:55.000,219.744,222112,1202.2,237.35,964.85
2026-08-14 14:12:55.000,219.744,222213,1202.2,237.35,964.85
2026-08-14 14:12:55.205,219.948,222312,1202.06,237.21,964.85
2026-08-14 14:12:55.205,219.949,222412,1202.04,237.19,964.85
2026-08-14 14:12:55.411,220.154,222513,1202.09,237.24,964.85
2026-08-14 14:12:55.411,220.155,222612,1202.24,237.39,964.85
2026-08-14 14:12:55.619,220.362,222712,1202.17,237.32,964.85
2026-08-14 14:12:55.619,220.363,222812,1202.07,237.22,964.85
2026-08-14 14:12:55.827,220.57,222912,1202.0,237.15,964.85
2026-08-14 14:12:55.827,220.57,223012,1202.04,237.19,964.85
2026-08-14 14:12:56.035,220.778,223112,1202.18,237.33,964.85
2026-08-14 14:12:56.035,220.779,223212,1202.02,237.17,964.85
2026-08-14 14:12:56.238,220.982,223312,1202.21,237.36,964.85
2026-08-14 14:12:56.238,220.982,223412,1201.94,237.09,964.85
2026-08-14 14:12:56.446,221.19,223512,1202.03,237.18,964.85
2026-08-14 14:12:56.447,221.19,223612,1202.02,237.17,964.85
2026-08-14 14:12:56.447,221.19,223712,1202.28,237.43,964.85
2026-08-14 14:12:56.655,221.399,223812,1202.04,237.19,964.85
2026-08-14 14:12:56.655,221.399,223912,1202.02,237.17,964.85
2026-08-14 14:12:56.863,221.606,224012,1201.89,237.04,964.85
2026-08-14 14:12:56.863,221.606,224112,1201.94,237.09,964.85
2026-08-14 14:12:57.069,221.812,224212,1202.03,237.18,964.85
2026-08-14 14:12:57.069,221.812,224312,1202.02,237.17,964.85
2026-08-14 14:12:57.273,222.016,224412,1202.05,237.2,964.85
2026-08-14 14:12:57.273,222.016,224513,1201.84,236.99,964.85
2026-08-14 14:12:57.478,222.221,224612,1201.8,236.95,964.85
2026-08-14 14:12:57.478,222.221,224712,1201.93,237.08,964.85
2026-08-14 14:12:57.685,222.428,224813,1202.13,237.28,964.85
2026-08-14 14:12:57.685,222.428,224912,1201.94,237.09,964.85
2026-08-14 14:12:57.892,222.635,225012,1201.84,236.99,964.85
2026-08-14 14:12:57.892,222.636,225113,1201.84,236.99,964.85
2026-08-14 14:12:58.100,222.843,225212,1201.83,236.98,964.85
2026-08-14 14:12:58.100,222.844,225312,1201.95,237.1,964.85
2026-08-14 14:12:58.307,223.05,225413,1201.85,237.0,964.85
2026-08-14 14:12:58.307,223.05,225512,1201.84,236.99,964.85
2026-08-14 14:12:58.512,223.255,225612,1201.63,236.78,964.85
2026-08-14 14:12:58.512,223.255,225713,1201.78,236.93,964.85
2026-08-14 14:12:58.721,223.465,225812,1201.68,236.83,964.85
2026-08-14 14:12:58.721,223.465,225912,1201.85,237.0,964.85
2026-08-14 14:12:58.925,223.669,226012,1201.77,236.92,964.85
2026-08-14 14:12:58.926,223.669,226112,1201.66,236.81,964.85
2026-08-14 14:12:59.133,223.877,226212,1201.54,236.69,964.85
2026-08-14 14:12:59.134,223.877,226312,1201.71,236.86,964.85
2026-08-14 14:12:59.340,224.084,226412,1201.86,237.01,964.85
2026-08-14 14:12:59.340,224.084,226512,1201.84,236.99,964.85
2026-08-14 14:12:59.547,224.29,226612,1201.68,236.83,964.85
2026-08-14 14:12:59.547,224.291,226712,1201.61,236.76,964.85
2026-08-14 14:12:59.547,224.291,226812,1201.53,236.68,964.85
2026-08-14 14:12:59.755,224.498,226912,1201.44,236.59,964.85
2026-08-14 14:12:59.755,224.499,227012,1201.81,236.96,964.85
2026-08-14 14:12:59.961,224.704,227112,1201.55,236.7,964.85
2026-08-14 14:12:59.961,224.705,227212,1201.66,236.81,964.85
2026-08-14 14:13:00.167,224.911,227312,1201.45,236.6,964.85
2026-08-14 14:13:00.168,224.911,227412,1201.5,236.65,964.85
2026-08-14 14:13:00.374,225.118,227512,1201.65,236.8,964.85
2026-08-14 14:13:00.374,225.118,227612,1201.52,236.67,964.85
2026-08-14 14:13:00.581,225.325,227713,1201.6,236.75,964.85
2026-08-14 14:13:00.581,225.325,227812,1201.46,236.61,964.85
2026-08-14 14:13:00.789,225.532,227912,1201.49,236.64,964.85
2026-08-14 14:13:00.789,225.533,228013,1201.49,236.64,964.85
2026-08-14 14:13:00.997,225.74,228112,1201.79,236.94,964.85
2026-08-14 14:13:00.997,225.74,228212,1201.61,236.76,964.85
2026-08-14 14:13:01.223,225.966,228313,1201.57,236.72,964.85
2026-08-14 14:13:01.225,225.968,228412,1201.44,236.59,964.85
2026-08-14 14:13:01.426,226.17,228512,1201.45,236.6,964.85
2026-08-14 14:13:01.426,226.17,228613,1201.64,236.79,964.85
2026-08-14 14:13:01.632,226.375,228712,1201.71,236.86,964.85
2026-08-14 14:13:01.632,226.375,228812,1201.54,236.69,964.85
2026-08-14 14:13:01.838,226.582,228913,1201.55,236.7,964.85
2026-08-14 14:13:01.838,226.582,229012,1201.52,236.67,964.85
2026-08-14 14:13:02.047,226.79,229112,1201.66,236.81,964.85
2026-08-14 14:13:02.047,226.79,229212,1201.67,236.82,964.85
2026-08-14 14:13:02.047,226.791,229312,1201.53,236.68,964.85
2026-08-14 14:13:02.256,227.0,229412,1201.51,236.66,964.85
2026-08-14 14:13:02.257,227.001,229512,1201.5,236.65,964.85
2026-08-14 14:13:02.461,227.205,229612,1201.47,236.62,964.85
2026-08-14 14:13:02.461,227.205,229712,1201.65,236.8,964.85
2026-08-14 14:13:02.667,227.411,229812,1201.56,236.71,964.85
2026-08-14 14:13:02.668,227.411,229912,1201.6,236.75,964.85
2026-08-14 14:13:02.875,227.618,230012,1201.36,236.51,964.85
2026-08-14 14:13:02.875,227.619,230112,1201.32,236.47,964.85
2026-08-14 14:13:03.081,227.824,230212,1201.32,236.47,964.85
2026-08-14 14:13:03.081,227.825,230312,1201.54,236.69,964.85
2026-08-14 14:13:03.288,228.032,230412,1201.42,236.57,964.85
2026-08-14 14:13:03.288,228.032,230512,1201.31,236.46,964.85
2026-08-14 14:13:03.493,228.237,230612,1201.14,236.29,964.85
2026-08-14 14:13:03.493,228.237,230712,1201.25,236.4,964.85
2026-08-14 14:13:03.702,228.445,230812,1201.22,236.37,964.85
2026-08-14 14:13:03.702,228.446,230913,1201.25,236.4,964.85
2026-08-14 14:13:03.909,228.653,231012,1201.14,236.29,964.85
2026-08-14 14:13:03.910,228.653,231112,1201.12,236.27,964.85
2026-08-14 14:13:04.117,228.86,231213,1201.08,236.23,964.85
2026-08-14 14:13:04.117,228.861,231312,1200.91,236.06,964.85
2026-08-14 14:13:04.322,229.066,231412,1201.08,236.23,964.85
2026-08-14 14:13:04.322,229.066,231513,1200.93,236.08,964.85
2026-08-14 14:13:04.530,229.274,231612,1200.98,236.13,964.85
2026-08-14 14:13:04.530,229.274,231712,1200.83,235.98,964.85
2026-08-14 14:13:04.738,229.481,231813,1200.67,235.82,964.85
2026-08-14 14:13:04.738,229.482,231912,1200.93,236.08,964.85
2026-08-14 14:13:04.946,229.689,232012,1200.95,236.1,964.85
2026-08-14 14:13:04.946,229.689,232113,1200.95,236.1,964.85
2026-08-14 14:13:04.946,229.69,232212,1200.8,235.95,964.85
2026-08-14 14:13:05.154,229.898,232312,1200.68,235.83,964.85
2026-08-14 14:13:05.154,229.898,232412,1200.8,235.95,964.85
2026-08-14 14:13:05.363,230.106,232512,1200.88,236.03,964.85
2026-08-14 14:13:05.363,230.107,232612,1200.82,235.97,964.85
2026-08-14 14:13:05.564,230.307,232712,1200.67,235.82,964.85
2026-08-14 14:13:05.564,230.307,232812,1200.7,235.85,964.85
2026-08-14 14:13:05.768,230.511,232912,1200.7,235.85,964.85
2026-08-14 14:13:05.768,230.511,233012,1200.86,236.01,964.85
2026-08-14 14:13:05.975,230.719,233112,1200.71,235.86,964.85
2026-08-14 14:13:05.975,230.719,233212,1200.64,235.79,964.85
2026-08-14 14:13:06.183,230.926,233312,1200.68,235.83,964.85
2026-08-14 14:13:06.183,230.927,233412,1200.44,235.59,964.85
2026-08-14 14:13:06.390,231.133,233512,1200.6,235.75,964.85
2026-08-14 14:13:06.390,231.134,233612,1200.66,235.81,964.85
2026-08-14 14:13:06.597,231.341,233712,1200.7,235.85,964.85
2026-08-14 14:13:06.598,231.341,233812,1200.57,235.72,964.85
2026-08-14 14:13:06.805,231.548,233912,1200.46,235.61,964.85
2026-08-14 14:13:06.805,231.549,234012,1200.46,235.61,964.85
2026-08-14 14:13:07.012,231.756,234113,1200.48,235.63,964.85
2026-08-14 14:13:07.013,231.756,234212,1200.33,235.48,964.85
2026-08-14 14:13:07.219,231.963,234312,1200.52,235.67,964.85
2026-08-14 14:13:07.219,231.963,234413,1200.23,235.38,964.85
2026-08-14 14:13:07.427,232.171,234512,1200.2,235.35,964.85
2026-08-14 14:13:07.427,232.171,234612,1200.34,235.49,964.85
2026-08-14 14:13:07.631,232.375,234713,1200.4,235.55,964.85
2026-08-14 14:13:07.632,232.375,234812,1200.28,235.43,964.85
2026-08-14 14:13:07.839,232.582,234912,1200.15,235.3,964.85
2026-08-14 14:13:07.839,232.583,235013,1200.12,235.27,964.85
2026-08-14 14:13:08.050,232.794,235112,1200.11,235.26,964.85
2026-08-14 14:13:08.050,232.794,235212,1199.96,235.11,964.85
2026-08-14 14:13:08.050,232.794,235313,1200.11,235.26,964.85
2026-08-14 14:13:08.256,233.0,235412,1200.06,235.21,964.85
2026-08-14 14:13:08.256,233.0,235512,1200.0,235.15,964.85
2026-08-14 14:13:08.462,233.206,235612,1200.0,235.15,964.85
2026-08-14 14:13:08.463,233.206,235712,1200.09,235.24,964.85
2026-08-14 14:13:08.666,233.409,235812,1200.11,235.26,964.85
2026-08-14 14:13:08.666,233.41,235912,1200.13,235.28,964.85
2026-08-14 14:13:08.874,233.617,236012,1200.32,235.47,964.85
2026-08-14 14:13:08.874,233.618,236112,1200.37,235.52,964.85
2026-08-14 14:13:09.084,233.828,236212,1200.29,235.44,964.85
2026-08-14 14:13:09.084,233.828,236312,1200.24,235.39,964.85
2026-08-14 14:13:09.288,234.031,236412,1200.25,235.4,964.85
2026-08-14 14:13:09.288,234.032,236512,1200.4,235.55,964.85
2026-08-14 14:13:09.496,234.24,236612,1200.25,235.4,964.85
2026-08-14 14:13:09.497,234.24,236712,1200.22,235.37,964.85
2026-08-14 14:13:09.698,234.442,236812,1200.53,235.68,964.85
2026-08-14 14:13:09.699,234.442,236912,1200.27,235.42,964.85
2026-08-14 14:13:09.904,234.647,237012,1200.39,235.54,964.85
2026-08-14 14:13:09.904,234.647,237112,1200.36,235.51,964.85
2026-08-14 14:13:10.110,234.853,237212,1200.42,235.57,964.85
2026-08-14 14:13:10.110,234.853,237313,1200.34,235.49,964.85
2026-08-14 14:13:10.317,235.061,237412,1200.24,235.39,964.85
2026-08-14 14:13:10.317,235.061,237512,1200.3,235.45,964.85
2026-08-14 14:13:10.539,235.283,237613,1200.13,235.28,964.85
2026-08-14 14:13:10.540,235.283,237712,1200.13,235.28,964.85
2026-08-14 14:13:10.751,235.495,237812,1200.07,235.22,964.85
2026-08-14 14:13:10.752,235.495,237913,1199.97,235.12,964.85
2026-08-14 14:13:10.752,235.495,238012,1200.1,235.25,964.85
2026-08-14 14:13:10.957,235.7,238112,1199.98,235.13,964.85
2026-08-14 14:13:10.957,235.701,238213,1199.75,234.9,964.85
2026-08-14 14:13:11.163,235.906,238312,1199.68,234.83,964.85
2026-08-14 14:13:11.163,235.906,238412,1199.66,234.81,964.85
2026-08-14 14:13:11.369,236.113,238513,1199.77,234.92,964.85
2026-08-14 14:13:11.370,236.113,238612,1199.84,234.99,964.85
2026-08-14 14:13:11.575,236.318,238712,1199.66,234.81,964.85
2026-08-14 14:13:11.575,236.319,238812,1199.59,234.74,964.85
2026-08-14 14:13:11.784,236.528,238912,1199.54,234.69,964.85
2026-08-14 14:13:11.784,236.528,239012,1199.5,234.65,964.85
2026-08-14 14:13:11.991,236.735,239112,1199.64,234.79,964.85
2026-08-14 14:13:11.991,236.735,239212,1199.61,234.76,964.85
2026-08-14 14:13:12.198,236.942,239312,1199.53,234.68,964.85
2026-08-14 14:13:12.199,236.942,239412,1199.42,234.57,964.85
2026-08-14 14:13:12.406,237.149,239512,1199.46,234.61,964.85
2026-08-14 14:13:12.406,237.15,239612,1199.42,234.57,964.85
2026-08-14 14:13:12.613,237.356,239712,1199.47,234.62,964.85
2026-08-14 14:13:12.613,237.357,239812,1199.45,234.6,964.85
2026-08-14 14:13:12.819,237.562,239912,1199.39,234.54,964.85
2026-08-14 14:13:12.819,237.563,240012,1199.15,234.3,964.85
2026-08-14 14:13:13.027,237.77,240112,1199.16,234.31,964.85
2026-08-14 14:13:13.027,237.771,240212,1198.98,234.13,964.85
2026-08-14 14:13:13.234,237.977,240312,1199.12,234.27,964.85
2026-08-14 14:13:13.234,237.977,240412,1199.03,234.18,964.85
2026-08-14 14:13:13.445,238.188,240513,1199.06,234.21,964.85
2026-08-14 14:13:13.445,238.188,240612,1198.83,233.98,964.85
2026-08-14 14:13:13.448,238.191,240712,1198.9,234.05,964.85
2026-08-14 14:13:13.653,238.396,240813,1198.86,234.01,964.85
2026-08-14 14:13:13.653,238.396,240912,1198.92,234.07,964.85
2026-08-14 14:13:13.857,238.6,241012,1199.01,234.16,964.85
2026-08-14 14:13:13.857,238.601,241113,1198.92,234.07,964.85
2026-08-14 14:13:14.058,238.802,241212,1198.78,233.93,964.85
2026-08-14 14:13:14.058,238.802,241312,1198.89,234.04,964.85
2026-08-14 14:13:14.266,239.009,241413,1198.95,234.1,964.85
2026-08-14 14:13:14.266,239.01,241512,1198.82,233.97,964.85
2026-08-14 14:13:14.475,239.218,241612,1198.83,233.98,964.85
2026-08-14 14:13:14.475,239.218,241713,1198.66,233.81,964.85
2026-08-14 14:13:14.681,239.424,241812,1198.65,233.8,964.85
2026-08-14 14:13:14.681,239.425,241912,1198.72,233.87,964.85
2026-08-14 14:13:14.886,239.63,242012,1198.75,233.9,964.85
2026-08-14 14:13:14.887,239.63,242112,1198.81,233.96,964.85
2026-08-14 14:13:15.095,239.839,242212,1198.73,233.88,964.85
2026-08-14 14:13:15.095,239.839,242312,1198.58,233.73,964.85
2026-08-14 14:13:15.302,240.045,242412,1198.51,233.66,964.85
2026-08-14 14:13:15.302,240.046,242512,1198.65,233.8,964.85
2026-08-14 14:13:15.508,240.251,242612,1198.73,233.88,964.85
2026-08-14 14:13:15.508,240.251,242712,1198.56,233.71,964.85
2026-08-14 14:13:15.715,240.458,242812,1198.41,233.56,964.85
2026-08-14 14:13:15.715,240.459,242912,1198.32,233.47,964.85
2026-08-14 14:13:15.923,240.667,243012,1198.38,233.53,964.85
2026-08-14 14:13:15.924,240.667,243112,1198.58,233.73,964.85
2026-08-14 14:13:16.131,240.874,243212,1198.63,233.78,964.85
2026-08-14 14:13:16.131,240.874,243312,1198.75,233.9,964.85
2026-08-14 14:13:16.337,241.08,243412,1198.81,233.96,964.85
2026-08-14 14:13:16.337,241.08,243512,1198.78,233.93,964.85
2026-08-14 14:13:16.547,241.29,243612,1198.74,233.89,964.85
2026-08-14 14:13:16.547,241.291,243713,1199.1,234.25,964.85
2026-08-14 14:13:16.548,241.291,243812,1200.35,235.5,964.85
2026-08-14 14:13:16.756,241.499,243912,1203.51,238.66,964.85
2026-08-14 14:13:16.757,241.501,244013,1213.84,248.99,964.85
2026-08-14 14:13:16.960,241.704,244112,1226.71,261.86,964.85
2026-08-14 14:13:16.960,241.704,244212,1237.44,272.59,964.85
2026-08-14 14:13:17.162,241.906,244313,1245.67,280.82,964.85
2026-08-14 14:13:17.162,241.906,244412,1253.01,288.16,964.85
2026-08-14 14:13:17.370,242.113,244512,1259.86,295.01,964.85
2026-08-14 14:13:17.370,242.113,244613,1263.75,298.9,964.85
2026-08-14 14:13:17.575,242.319,244712,1268.22,303.37,964.85
2026-08-14 14:13:17.575,242.319,244812,1271.16,306.31,964.85
2026-08-14 14:13:17.782,242.526,244913,1274.44,309.59,964.85
2026-08-14 14:13:17.783,242.526,245012,1277.73,312.88,964.85
2026-08-14 14:13:17.988,242.731,245112,1280.62,315.77,964.85
2026-08-14 14:13:17.988,242.732,245212,1283.24,318.39,964.85
2026-08-14 14:13:18.194,242.938,245312,1286.23,321.38,964.85
2026-08-14 14:13:18.194,242.938,245412,1288.64,323.79,964.85
2026-08-14 14:13:18.402,243.145,245512,1291.2,326.35,964.85
2026-08-14 14:13:18.402,243.145,245612,1293.84,328.99,964.85
2026-08-14 14:13:18.608,243.352,245712,1296.2,331.35,964.85
2026-08-14 14:13:18.609,243.352,245812,1298.74,333.89,964.85
2026-08-14 14:13:18.816,243.559,245912,1300.82,335.97,964.85
2026-08-14 14:13:18.816,243.559,246012,1303.1,338.25,964.85
2026-08-14 14:13:19.024,243.767,246112,1305.24,340.39,964.85
2026-08-14 14:13:19.024,243.767,246212,1307.26,342.41,964.85
2026-08-14 14:13:19.231,243.975,246312,1309.31,344.46,964.85
2026-08-14 14:13:19.231,243.975,246412,1311.02,346.17,964.85
2026-08-14 14:13:19.437,244.18,246512,1312.93,348.08,964.85
2026-08-14 14:13:19.437,244.181,246612,1314.27,349.42,964.85
2026-08-14 14:13:19.643,244.386,246712,1315.89,351.04,964.85
2026-08-14 14:13:19.643,244.386,246812,1317.01,352.16,964.85
2026-08-14 14:13:19.852,244.596,246913,1318.53,353.68,964.85
2026-08-14 14:13:19.852,244.596,247012,1319.51,354.66,964.85
2026-08-14 14:13:19.853,244.596,247112,1320.71,355.86,964.85
2026-08-14 14:13:20.058,244.801,247213,1321.37,356.52,964.85
2026-08-14 14:13:20.058,244.801,247312,1322.58,357.73,964.85
2026-08-14 14:13:20.264,245.008,247412,1323.2,358.35,964.85
2026-08-14 14:13:20.265,245.008,247513,1324.27,359.42,964.85
2026-08-14 14:13:20.472,245.215,247612,1324.55,359.7,964.85
2026-08-14 14:13:20.472,245.215,247712,1325.41,360.56,964.85
2026-08-14 14:13:20.678,245.422,247813,1326.04,361.19,964.85
2026-08-14 14:13:20.678,245.422,247912,1326.56,361.71,964.85
2026-08-14 14:13:20.887,245.63,248012,1327.49,362.64,964.85
2026-08-14 14:13:20.887,245.63,248113,1327.63,362.78,964.85
2026-08-14 14:13:21.092,245.835,248212,1328.28,363.43,964.85
2026-08-14 14:13:21.092,245.835,248312,1328.72,363.87,964.85
2026-08-14 14:13:21.299,246.042,248412,1329.1,364.25,964.85
2026-08-14 14:13:21.299,246.043,248512,1329.68,364.83,964.85
2026-08-14 14:13:21.506,246.25,248612,1330.0,365.15,964.85
2026-08-14 14:13:21.507,246.25,248712,1330.17,365.32,964.85
2026-08-14 14:13:21.714,246.458,248812,1330.76,365.91,964.85
2026-08-14 14:13:21.715,246.458,248912,1330.92,366.07,964.85
2026-08-14 14:13:21.923,246.666,249012,1331.41,366.56,964.85
2026-08-14 14:13:21.923,246.666,249112,1331.81,366.96,964.85
2026-08-14 14:13:22.126,246.87,249212,1332.09,367.24,964.85
2026-08-14 14:13:22.127,246.87,249312,1332.5,367.65,964.85
2026-08-14 14:13:22.334,247.077,249412,1332.75,367.9,964.85
2026-08-14 14:13:22.334,247.077,249512,1332.99,368.14,964.85
2026-08-14 14:13:22.541,247.284,249612,1333.53,368.68,964.85
2026-08-14 14:13:22.541,247.284,249712,1333.75,368.9,964.85
2026-08-14 14:13:22.747,247.491,249812,1334.22,369.37,964.85
2026-08-14 14:13:22.747,247.491,249912,1334.66,369.81,964.85
2026-08-14 14:13:22.749,247.493,250012,1334.79,369.94,964.85
2026-08-14 14:13:22.963,247.707,250113,1335.41,370.56,964.85
2026-08-14 14:13:22.964,247.707,250212,1335.91,371.06,964.85
2026-08-14 14:13:23.177,247.92,250312,1336.03,371.18,964.85
2026-08-14 14:13:23.177,247.921,250413,1336.87,372.02,964.85
2026-08-14 14:13:23.384,248.127,250512,1337.04,372.19,964.85
2026-08-14 14:13:23.384,248.127,250612,1337.54,372.69,964.85
2026-08-14 14:13:23.590,248.333,250713,1337.94,373.09,964.85
2026-08-14 14:13:23.590,248.333,250812,1338.3,373.45,964.85
2026-08-14 14:13:23.798,248.541,250912,1338.89,374.04,964.85
2026-08-14 14:13:23.798,248.541,251013,1339.1,374.25,964.85
2026-08-14 14:13:24.004,248.748,251112,1339.6,374.75,964.85
2026-08-14 14:13:24.005,248.748,251212,1339.99,375.14,964.85
2026-08-14 14:13:24.213,248.956,251313,1340.38,375.53,964.85
2026-08-14 14:13:24.213,248.957,251412,1340.86,376.01,964.85
2026-08-14 14:13:24.421,249.164,251512,1341.03,376.18,964.85
2026-08-14 14:13:24.421,249.164,251612,1341.66,376.81,964.85
2026-08-14 14:13:24.630,249.373,251712,1341.94,377.09,964.85
2026-08-14 14:13:24.630,249.374,251812,1342.22,377.37,964.85
2026-08-14 14:13:24.835,249.579,251912,1342.87,378.02,964.85
2026-08-14 14:13:24.836,249.579,252012,1342.91,378.06,964.85
2026-08-14 14:13:25.049,249.793,252112,1343.29,378.44,964.85
2026-08-14 14:13:25.050,249.793,252212,1343.75,378.9,964.85
2026-08-14 14:13:25.051,249.795,252312,1343.83,378.98,964.85
2026-08-14 14:13:25.263,250.006,252412,1344.19,379.34,964.85
2026-08-14 14:13:25.263,250.006,252512,1344.45,379.6,964.85
2026-08-14 14:13:25.470,250.213,252612,1344.74,379.89,964.85
2026-08-14 14:13:25.470,250.213,252712,1345.02,380.17,964.85
2026-08-14 14:13:25.678,250.421,252812,1345.08,380.23,964.85
2026-08-14 14:13:25.678,250.422,252912,1345.39,380.54,964.85
2026-08-14 14:13:25.884,250.628,253012,1345.54,380.69,964.85
2026-08-14 14:13:25.884,250.628,253112,1345.86,381.01,964.85
2026-08-14 14:13:26.091,250.834,253212,1346.07,381.22,964.85
2026-08-14 14:13:26.091,250.835,253313,1346.09,381.24,964.85
2026-08-14 14:13:26.296,251.04,253412,1346.33,381.48,964.85
2026-08-14 14:13:26.296,251.04,253512,1346.59,381.74,964.85
2026-08-14 14:13:26.504,251.247,253613,1346.59,381.74,964.85
2026-08-14 14:13:26.504,251.247,253712,1346.84,381.99,964.85
2026-08-14 14:13:26.711,251.454,253812,1347.11,382.26,964.85
2026-08-14 14:13:26.711,251.455,253913,1347.0,382.15,964.85
2026-08-14 14:13:26.919,251.663,254012,1347.35,382.5,964.85
2026-08-14 14:13:26.920,251.663,254112,1347.35,382.5,964.85
2026-08-14 14:13:27.128,251.872,254213,1347.56,382.71,964.85
2026-08-14 14:13:27.129,251.872,254312,1347.81,382.96,964.85
2026-08-14 14:13:27.331,252.074,254412,1347.78,382.93,964.85
2026-08-14 14:13:27.331,252.075,254513,1348.07,383.22,964.85
2026-08-14 14:13:27.536,252.28,254612,1348.22,383.37,964.85
2026-08-14 14:13:27.536,252.28,254712,1348.3,383.45,964.85
2026-08-14 14:13:27.744,252.488,254812,1348.43,383.58,964.85
2026-08-14 14:13:27.745,252.488,254912,1348.44,383.59,964.85
2026-08-14 14:13:27.950,252.694,255012,1348.64,383.79,964.85
2026-08-14 14:13:27.950,252.694,255112,1348.95,384.1,964.85
2026-08-14 14:13:27.951,252.694,255212,1348.68,383.83,964.85
2026-08-14 14:13:28.158,252.902,255312,1348.92,384.07,964.85
2026-08-14 14:13:28.159,252.902,255412,1349.08,384.23,964.85
2026-08-14 14:13:28.365,253.109,255512,1349.08,384.23,964.85
2026-08-14 14:13:28.365,253.109,255612,1349.32,384.47,964.85
2026-08-14 14:13:28.573,253.317,255712,1349.39,384.54,964.85
2026-08-14 14:13:28.573,253.317,255812,1349.42,384.57,964.85
2026-08-14 14:13:28.781,253.524,255912,1349.71,384.86,964.85
2026-08-14 14:13:28.781,253.525,256012,1349.57,384.72,964.85
2026-08-14 14:13:28.986,253.73,256112,1349.73,384.88,964.85
2026-08-14 14:13:28.986,253.73,256212,1350.07,385.22,964.85
2026-08-14 14:13:29.193,253.937,256312,1349.81,384.96,964.85
2026-08-14 14:13:29.194,253.937,256412,1350.13,385.28,964.85
2026-08-14 14:13:29.400,254.144,256513,1350.18,385.33,964.85
2026-08-14 14:13:29.400,254.144,256612,1350.14,385.29,964.85
2026-08-14 14:13:29.607,254.35,256712,1350.36,385.51,964.85
2026-08-14 14:13:29.607,254.351,256813,1350.33,385.48,964.85
2026-08-14 14:13:29.814,254.558,256912,1350.31,385.46,964.85
2026-08-14 14:13:29.815,254.558,257012,1350.77,385.92,964.85
2026-08-14 14:13:30.022,254.765,257113,1350.54,385.69,964.85
2026-08-14 14:13:30.022,254.765,257212,1350.83,385.98,964.85
2026-08-14 14:13:30.228,254.971,257312,1351.01,386.16,964.85
2026-08-14 14:13:30.228,254.972,257413,1351.06,386.21,964.85
2026-08-14 14:13:30.434,255.177,257512,1351.15,386.3,964.85
2026-08-14 14:13:30.434,255.177,257612,1351.24,386.39,964.85
2026-08-14 14:13:30.645,255.389,257713,1351.22,386.37,964.85
2026-08-14 14:13:30.646,255.389,257812,1351.39,386.54,964.85
2026-08-14 14:13:30.852,255.595,257912,1351.48,386.63,964.85
2026-08-14 14:13:30.852,255.595,258012,1351.47,386.62,964.85
2026-08-14 14:13:30.852,255.596,258112,1351.84,386.99,964.85
2026-08-14 14:13:31.058,255.801,258212,1351.56,386.71,964.85
2026-08-14 14:13:31.058,255.802,258312,1351.96,387.11,964.85
2026-08-14 14:13:31.264,256.008,258412,1352.14,387.29,964.85
2026-08-14 14:13:31.265,256.008,258512,1352.14,387.29,964.85
2026-08-14 14:13:31.468,256.211,258612,1352.59,387.74,964.85
2026-08-14 14:13:31.468,256.211,258712,1352.3,387.45,964.85
2026-08-14 14:13:31.673,256.417,258812,1352.51,387.66,964.85
2026-08-14 14:13:31.673,256.417,258912,1352.82,387.97,964.85
2026-08-14 14:13:31.882,256.625,259012,1352.73,387.88,964.85
2026-08-14 14:13:31.882,256.625,259112,1352.93,388.08,964.85
2026-08-14 14:13:32.089,256.832,259212,1353.12,388.27,964.85
2026-08-14 14:13:32.089,256.832,259312,1353.04,388.19,964.85
2026-08-14 14:13:32.296,257.04,259412,1353.34,388.49,964.85
2026-08-14 14:13:32.297,257.04,259512,1353.17,388.32,964.85
2026-08-14 14:13:32.503,257.246,259612,1353.57,388.72,964.85
2026-08-14 14:13:32.503,257.247,259713,1353.74,388.89,964.85
2026-08-14 14:13:32.708,257.452,259812,1353.69,388.84,964.85
2026-08-14 14:13:32.709,257.452,259912,1354.1,389.25,964.85
2026-08-14 14:13:32.916,257.66,260013,1354.07,389.22,964.85
2026-08-14 14:13:32.916,257.66,260112,1353.92,389.07,964.85
2026-08-14 14:13:33.121,257.864,260212,1354.12,389.27,964.85
2026-08-14 14:13:33.121,257.865,260313,1353.84,388.99,964.85
2026-08-14 14:13:33.322,258.065,260412,1354.13,389.28,964.85
2026-08-14 14:13:33.322,258.066,260512,1354.42,389.57,964.85
2026-08-14 14:13:33.524,258.267,260613,1354.32,389.47,964.85
2026-08-14 14:13:33.524,258.267,260712,1354.62,389.77,964.85
2026-08-14 14:13:33.725,258.468,260812,1354.83,389.98,964.85
2026-08-14 14:13:33.725,258.469,260913,1354.83,389.98,964.85
2026-08-14 14:13:33.926,258.669,261012,1355.16,390.31,964.85
2026-08-14 14:13:33.926,258.669,261112,1355.07,390.22,964.85
2026-08-14 14:13:34.126,258.87,261212,1355.22,390.37,964.85
2026-08-14 14:13:34.126,258.87,261312,1355.54,390.69,964.85
2026-08-14 14:13:34.332,259.076,261412,1355.35,390.5,964.85
2026-08-14 14:13:34.333,259.076,261512,1355.64,390.79,964.85
2026-08-14 14:13:34.536,259.28,261612,1355.77,390.92,964.85
2026-08-14 14:13:34.537,259.28,261712,1355.56,390.71,964.85
2026-08-14 14:13:34.747,259.49,261812,1355.83,390.98,964.85
2026-08-14 14:13:34.747,259.49,261912,1355.95,391.1,964.85
2026-08-14 14:13:34.952,259.696,262012,1355.9,391.05,964.85
2026-08-14 14:13:34.952,259.696,262112,1356.23,391.38,964.85
2026-08-14 14:13:34.953,259.696,262212,1356.0,391.15,964.85
2026-08-14 14:13:35.159,259.902,262312,1356.16,391.31,964.85
2026-08-14 14:13:35.159,259.903,262412,1356.46,391.61,964.85
2026-08-14 14:13:35.367,260.11,262512,1356.24,391.39,964.85
2026-08-14 14:13:35.367,260.111,262612,1356.45,391.6,964.85
2026-08-14 14:13:35.571,260.314,262712,1356.8,391.95,964.85
2026-08-14 14:13:35.571,260.315,262812,1356.56,391.71,964.85
2026-08-14 14:13:35.777,260.52,262913,1356.84,391.99,964.85
2026-08-14 14:13:35.777,260.52,263012,1356.92,392.07,964.85
2026-08-14 14:13:35.983,260.726,263112,1356.88,392.03,964.85
2026-08-14 14:13:35.983,260.727,263213,1357.06,392.21,964.85
2026-08-14 14:13:36.189,260.933,263312,1356.97,392.12,964.85
2026-08-14 14:13:36.190,260.933,263412,1357.35,392.5,964.85
2026-08-14 14:13:36.399,261.143,263513,1357.6,392.75,964.85
2026-08-14 14:13:36.399,261.143,263612,1357.34,392.49,964.85
2026-08-14 14:13:36.606,261.349,263712,1357.42,392.57,964.85
2026-08-14 14:13:36.606,261.349,263813,1357.69,392.84,964.85
2026-08-14 14:13:36.813,261.557,263912,1357.52,392.67,964.85
2026-08-14 14:13:36.814,261.557,264012,1357.65,392.8,964.85
2026-08-14 14:13:37.020,261.763,264113,1357.69,392.84,964.85
2026-08-14 14:13:37.020,261.764,264212,1357.84,392.99,964.85
2026-08-14 14:13:37.227,261.97,264312,1357.96,393.11,964.85
2026-08-14 14:13:37.227,261.971,264412,1357.72,392.87,964.85
2026-08-14 14:13:37.440,262.183,264512,1357.92,393.07,964.85
2026-08-14 14:13:37.440,262.184,264612,1358.29,393.44,964.85
2026-08-14 14:13:37.641,262.385,264712,1358.08,393.23,964.85
2026-08-14 14:13:37.641,262.385,264812,1358.23,393.38,964.85
2026-08-14 14:13:37.851,262.595,264912,1358.36,393.51,964.85
2026-08-14 14:13:37.852,262.595,265012,1358.2,393.35,964.85
2026-08-14 14:13:37.852,262.595,265112,1358.46,393.61,964.85
2026-08-14 14:13:38.055,262.798,265212,1358.32,393.47,964.85
2026-08-14 14:13:38.055,262.798,265312,1358.43,393.58,964.85
2026-08-14 14:13:38.263,263.006,265412,1358.77,393.92,964.85
2026-08-14 14:13:38.263,263.006,265512,1358.5,393.65,964.85
2026-08-14 14:13:38.469,263.212,265612,1362.13,397.28,964.85
2026-08-14 14:13:38.469,263.213,265712,1361.29,396.44,964.85
2026-08-14 14:13:38.675,263.418,265812,1360.02,395.17,964.85
2026-08-14 14:13:38.675,263.418,265912,1361.33,396.48,964.85
2026-08-14 14:13:38.882,263.626,266012,1361.11,396.26,964.85
2026-08-14 14:13:38.883,263.626,266113,1362.62,397.77,964.85
2026-08-14 14:13:39.089,263.833,266212,1361.5,396.65,964.85
2026-08-14 14:13:39.089,263.833,266312,1362.4,397.55,964.85
2026-08-14 14:13:39.298,264.041,266413,1362.05,397.2,964.85
2026-08-14 14:13:39.298,264.041,266512,1363.15,398.3,964.85
2026-08-14 14:13:39.505,264.249,266612,1357.55,392.7,964.85
2026-08-14 14:13:39.506,264.249,266713,1355.7,390.85,964.85
2026-08-14 14:13:39.708,264.451,266812,1353.61,388.76,964.85
2026-08-14 14:13:39.708,264.451,266912,1350.38,385.53,964.85
2026-08-14 14:13:39.914,264.657,267013,1347.33,382.48,964.85
2026-08-14 14:13:39.914,264.657,267112,1344.58,379.73,964.85
2026-08-14 14:13:40.121,264.865,267212,1341.9,377.05,964.85
2026-08-14 14:13:40.121,264.865,267313,1338.81,373.96,964.85
2026-08-14 14:13:40.327,265.071,267412,1336.06,371.21,964.85
2026-08-14 14:13:40.327,265.071,267512,1333.19,368.34,964.85
2026-08-14 14:13:40.536,265.28,267612,1330.57,365.72,964.85
2026-08-14 14:13:40.537,265.28,267712,1327.81,362.96,964.85
2026-08-14 14:13:40.744,265.488,267812,1325.06,360.21,964.85
2026-08-14 14:13:40.744,265.488,267912,1322.5,357.65,964.85
2026-08-14 14:13:40.952,265.695,268012,1319.67,354.82,964.85
2026-08-14 14:13:40.952,265.695,268112,1317.24,352.39,964.85
2026-08-14 14:13:40.953,265.697,268212,1314.58,349.73,964.85
2026-08-14 14:13:41.158,265.902,268312,1312.0,347.15,964.85
2026-08-14 14:13:41.160,265.903,268412,1309.99,345.14,964.85
2026-08-14 14:13:41.362,266.106,268512,1306.44,341.59,964.85
2026-08-14 14:13:41.362,266.106,268612,1304.17,339.32,964.85
2026-08-14 14:13:41.569,266.312,268712,1301.98,337.13,964.85
2026-08-14 14:13:41.569,266.313,268812,1299.31,334.46,964.85
2026-08-14 14:13:41.777,266.52,268912,1296.95,332.1,964.85
2026-08-14 14:13:41.777,266.521,269012,1294.38,329.53,964.85
2026-08-14 14:13:41.986,266.729,269112,1292.03,327.18,964.85
2026-08-14 14:13:41.986,266.73,269212,1289.3,324.45,964.85
2026-08-14 14:13:42.193,266.937,269313,1287.45,322.6,964.85
2026-08-14 14:13:42.193,266.937,269412,1179.85,215.0,964.85
2026-08-14 14:13:42.400,267.143,269512,1157.68,192.83,964.85
2026-08-14 14:13:42.400,267.144,269613,1116.37,151.52,964.85
2026-08-14 14:13:42.605,267.349,269712,1075.36,110.51,964.85
2026-08-14 14:13:42.606,267.349,269812,1006.51,41.66,964.85
2026-08-14 14:13:42.811,267.554,269913,970.11,5.26,964.85
2026-08-14 14:13:42.811,267.554,270012,956.26,-8.59,964.85
2026-08-14 14:13:43.018,267.762,270112,954.01,-10.84,964.85
2026-08-14 14:13:43.018,267.762,270213,952.49,-12.36,964.85
2026-08-14 14:13:43.228,267.971,270312,953.89,-10.96,964.85
2026-08-14 14:13:43.228,267.971,270412,954.67,-10.18,964.85
2026-08-14 14:13:43.434,268.178,270513,954.87,-9.98,964.85
2026-08-14 14:13:43.434,268.178,270612,954.82,-10.03,964.85
2026-08-14 14:13:43.653,268.397,270712,955.17,-9.68,964.85
2026-08-14 14:13:43.655,268.398,270812,955.14,-9.71,964.85
2026-08-14 14:13:43.655,268.398,270912,955.06,-9.79,964.85
2026-08-14 14:13:43.860,268.604,271012,954.99,-9.86,964.85
2026-08-14 14:13:43.860,268.604,271112,955.02,-9.83,964.85
2026-08-14 14:13:44.066,268.809,271212,955.09,-9.76,964.85
2026-08-14 14:13:44.066,268.809,271312,955.01,-9.84,964.85
2026-08-14 14:13:44.272,269.016,271412,954.98,-9.87,964.85
2026-08-14 14:13:44.272,269.016,271512,955.1,-9.75,964.85
2026-08-14 14:13:44.478,269.221,271612,954.72,-10.13,964.85
2026-08-14 14:13:44.478,269.221,271712,954.81,-10.04,964.85
2026-08-14 14:13:44.684,269.427,271812,954.83,-10.02,964.85
2026-08-14 14:13:44.684,269.428,271912,954.79,-10.06,964.85
2026-08-14 14:13:44.895,269.639,272012,954.74,-10.11,964.85
2026-08-14 14:13:44.895,269.639,272112,954.71,-10.14,964.85
2026-08-14 14:13:45.102,269.846,272212,954.68,-10.17,964.85
2026-08-14 14:13:45.102,269.846,272312,954.78,-10.07,964.85
2026-08-14 14:13:45.307,270.051,272412,954.6,-10.25,964.85
2026-08-14 14:13:45.308,270.051,272513,954.58,-10.27,964.85
2026-08-14 14:13:45.514,270.257,272612,954.49,-10.36,964.85
2026-08-14 14:13:45.514,270.257,272712,954.48,-10.37,964.85
2026-08-14 14:13:45.720,270.464,272813,954.51,-10.34,964.85
2026-08-14 14:13:45.721,270.464,272912,954.5,-10.35,964.85
2026-08-14 14:13:45.928,270.672,273012,954.63,-10.22,964.85
2026-08-14 14:13:45.928,270.672,273113,954.56,-10.29,964.85
2026-08-14 14:13:46.129,270.873,273212,954.7,-10.15,964.85
2026-08-14 14:13:46.129,270.873,273312,954.81,-10.04,964.85
2026-08-14 14:13:46.331,271.075,273413,954.89,-9.96,964.85
2026-08-14 14:13:46.332,271.075,273512,954.91,-9.94,964.85
2026-08-14 14:13:46.535,271.279,273612,954.94,-9.91,964.85
2026-08-14 14:13:46.536,271.279,273713,955.01,-9.84,964.85
2026-08-14 14:13:46.751,271.495,273812,955.03,-9.82,964.85
2026-08-14 14:13:46.753,271.497,273912,955.1,-9.75,964.85
2026-08-14 14:13:46.755,271.498,274012,955.16,-9.69,964.85
2026-08-14 14:13:46.968,271.712,274112,955.29,-9.56,964.85
2026-08-14 14:13:46.968,271.712,274212,955.35,-9.5,964.85
2026-08-14 14:13:47.170,271.913,274312,955.27,-9.58,964.85
2026-08-14 14:13:47.170,271.914,274412,955.38,-9.47,964.85
2026-08-14 14:13:47.378,272.122,274512,955.38,-9.47,964.85
2026-08-14 14:13:47.379,272.122,274612,955.37,-9.48,964.85
2026-08-14 14:13:47.585,272.328,274712,955.46,-9.39,964.85
2026-08-14 14:13:47.585,272.328,274812,955.63,-9.22,964.85
2026-08-14 14:13:47.791,272.535,274912,955.62,-9.23,964.85
2026-08-14 14:13:47.792,272.535,275012,955.64,-9.21,964.85
2026-08-14 14:13:47.997,272.74,275112,955.67,-9.18,964.85
2026-08-14 14:13:47.997,272.741,275212,955.67,-9.18,964.85
2026-08-14 14:13:48.204,272.947,275312,955.71,-9.14,964.85
2026-08-14 14:13:48.204,272.947,275412,955.87,-8.98,964.85
2026-08-14 14:13:48.413,273.156,275512,955.9,-8.95,964.85
2026-08-14 14:13:48.413,273.156,275612,956.06,-8.79,964.85
2026-08-14 14:13:48.619,273.362,275713,955.96,-8.89,964.85
2026-08-14 14:13:48.619,273.363,275812,956.08,-8.77,964.85
2026-08-14 14:13:48.826,273.57,275912,956.05,-8.8,964.85
2026-08-14 14:13:48.827,273.571,276013,956.15,-8.7,964.85
2026-08-14 14:13:49.032,273.776,276112,956.2,-8.65,964.85
2026-08-14 14:13:49.032,273.776,276212,956.27,-8.58,964.85
2026-08-14 14:13:49.240,273.984,276313,956.21,-8.64,964.85
2026-08-14 14:13:49.240,273.984,276412,956.3,-8.55,964.85
2026-08-14 14:13:49.445,274.189,276512,956.24,-8.61,964.85
2026-08-14 14:13:49.445,274.189,276613,956.27,-8.58,964.85
2026-08-14 14:13:49.651,274.395,276712,956.32,-8.53,964.85
2026-08-14 14:13:49.651,274.395,276812,956.38,-8.47,964.85
2026-08-14 14:13:49.861,274.605,276913,956.37,-8.48,964.85
2026-08-14 14:13:49.866,274.61,277012,956.46,-8.39,964.85
2026-08-14 14:13:49.867,274.61,277112,956.48,-8.37,964.85
2026-08-14 14:13:50.067,274.811,277212,956.58,-8.27,964.85
2026-08-14 14:13:50.067,274.811,277312,956.54,-8.31,964.85
2026-08-14 14:13:50.274,275.017,277412,956.6,-8.25,964.85
2026-08-14 14:13:50.274,275.017,277512,956.57,-8.28,964.85
2026-08-14 14:13:50.480,275.224,277612,956.61,-8.24,964.85
2026-08-14 14:13:50.481,275.224,277712,956.63,-8.22,964.85
2026-08-14 14:13:50.686,275.43,277812,956.73,-8.12,964.85
2026-08-14 14:13:50.687,275.43,277912,956.69,-8.16,964.85
2026-08-14 14:13:50.895,275.638,278012,956.82,-8.03,964.85
2026-08-14 14:13:50.895,275.638,278112,956.88,-7.97,964.85
2026-08-14 14:13:51.101,275.845,278212,956.96,-7.89,964.85
2026-08-14 14:13:51.102,275.845,278312,956.92,-7.93,964.85
2026-08-14 14:13:51.309,276.052,278412,957.0,-7.85,964.85
2026-08-14 14:13:51.309,276.053,278512,956.97,-7.88,964.85
2026-08-14 14:13:51.517,276.26,278612,957.02,-7.83,964.85
2026-08-14 14:13:51.517,276.26,278712,957.0,-7.85,964.85
2026-08-14 14:13:51.725,276.469,278812,957.08,-7.77,964.85
2026-08-14 14:13:51.725,276.469,278913,957.13,-7.72,964.85
2026-08-14 14:13:51.933,276.677,279012,957.15,-7.7,964.85
2026-08-14 14:13:51.934,276.677,279112,957.19,-7.66,964.85
2026-08-14 14:13:52.134,276.878,279213,957.2,-7.65,964.85
2026-08-14 14:13:52.135,276.878,279312,957.19,-7.66,964.85
2026-08-14 14:13:52.342,277.085,279412,957.22,-7.63,964.85
2026-08-14 14:13:52.342,277.085,279513,957.36,-7.49,964.85
2026-08-14 14:13:52.549,277.292,279612,957.22,-7.63,964.85
2026-08-14 14:13:52.549,277.292,279712,957.38,-7.47,964.85
2026-08-14 14:13:52.759,277.502,279813,957.39,-7.46,964.85
2026-08-14 14:13:52.759,277.502,279912,957.36,-7.49,964.85
2026-08-14 14:13:52.759,277.502,280012,957.43,-7.42,964.85
2026-08-14 14:13:52.964,277.707,280113,957.47,-7.38,964.85
2026-08-14 14:13:52.966,277.709,280212,957.53,-7.32,964.85
2026-08-14 14:13:53.169,277.913,280312,957.46,-7.39,964.85
2026-08-14 14:13:53.169,277.913,280412,957.54,-7.31,964.85
2026-08-14 14:13:53.373,278.117,280512,957.53,-7.32,964.85
2026-08-14 14:13:53.373,278.117,280612,957.52,-7.33,964.85
2026-08-14 14:13:53.578,278.321,280712,957.49,-7.36,964.85
2026-08-14 14:13:53.578,278.322,280812,957.65,-7.2,964.85
2026-08-14 14:13:53.783,278.527,280912,957.75,-7.1,964.85
2026-08-14 14:13:53.784,278.527,281012,957.69,-7.16,964.85
2026-08-14 14:13:53.991,278.734,281112,957.72,-7.13,964.85
2026-08-14 14:13:53.991,278.735,281212,957.76,-7.09,964.85
2026-08-14 14:13:54.204,278.947,281312,957.85,-7.0,964.85
2026-08-14 14:13:54.204,278.947,281412,957.83,-7.02,964.85
2026-08-14 14:13:54.411,279.155,281512,957.91,-6.94,964.85
2026-08-14 14:13:54.411,279.155,281612,957.82,-7.03,964.85
2026-08-14 14:13:54.618,279.362,281712,957.83,-7.02,964.85
2026-08-14 14:13:54.618,279.362,281812,958.0,-6.85,964.85
2026-08-14 14:13:54.825,279.569,281912,957.82,-7.03,964.85
2026-08-14 14:13:54.826,279.569,282012,957.98,-6.87,964.85
2026-08-14 14:13:55.032,279.776,282113,957.99,-6.86,964.85
2026-08-14 14:13:55.032,279.776,282212,957.95,-6.9,964.85
2026-08-14 14:13:55.238,279.981,282312,958.04,-6.81,964.85
2026-08-14 14:13:55.238,279.982,282413,958.2,-6.65,964.85
2026-08-14 14:13:55.446,280.189,282512,958.19,-6.66,964.85
2026-08-14 14:13:55.446,280.189,282612,958.08,-6.77,964.85
2026-08-14 14:13:55.654,280.398,282713,958.13,-6.72,964.85
2026-08-14 14:13:55.654,280.398,282812,958.13,-6.72,964.85
2026-08-14 14:13:55.860,280.604,282912,958.21,-6.64,964.85
2026-08-14 14:13:55.860,280.604,283013,958.16,-6.69,964.85
2026-08-14 14:13:55.860,280.604,283112,958.27,-6.58,964.85
2026-08-14 14:13:56.066,280.809,283212,958.23,-6.62,964.85
2026-08-14 14:13:56.066,280.81,283313,958.26,-6.59,964.85
2026-08-14 14:13:56.272,281.015,283412,958.31,-6.54,964.85
2026-08-14 14:13:56.272,281.015,283512,958.22,-6.63,964.85
2026-08-14 14:13:56.480,281.223,283612,958.27,-6.58,964.85
2026-08-14 14:13:56.480,281.223,283712,958.26,-6.59,964.85
2026-08-14 14:13:56.687,281.43,283812,958.3,-6.55,964.85
2026-08-14 14:13:56.687,281.43,283912,958.33,-6.52,964.85
2026-08-14 14:13:56.895,281.639,284012,958.45,-6.4,964.85
2026-08-14 14:13:56.895,281.639,284112,958.42,-6.43,964.85
2026-08-14 14:13:57.097,281.841,284212,958.49,-6.36,964.85
2026-08-14 14:13:57.097,281.841,284312,958.43,-6.42,964.85
2026-08-14 14:13:57.307,282.05,284412,958.52,-6.33,964.85
2026-08-14 14:13:57.307,282.051,284512,958.45,-6.4,964.85
2026-08-14 14:13:57.513,282.257,284612,958.44,-6.41,964.85
2026-08-14 14:13:57.513,282.257,284712,958.6,-6.25,964.85
2026-08-14 14:13:57.721,282.465,284812,958.59,-6.26,964.85
2026-08-14 14:13:57.722,282.465,284912,958.54,-6.31,964.85
2026-08-14 14:13:57.931,282.674,285012,958.58,-6.27,964.85
2026-08-14 14:13:57.931,282.675,285112,958.64,-6.21,964.85
2026-08-14 14:13:58.139,282.883,285212,958.59,-6.26,964.85
2026-08-14 14:13:58.147,282.89,285313,958.63,-6.22,964.85
2026-08-14 14:13:58.360,283.103,285412,958.79,-6.06,964.85
2026-08-14 14:13:58.360,283.104,285512,958.85,-6.0,964.85
2026-08-14 14:13:58.360,283.104,285613,958.8,-6.05,964.85
2026-08-14 14:13:58.569,283.312,285712,958.78,-6.07,964.85
2026-08-14 14:13:58.569,283.313,285812,958.82,-6.03,964.85
2026-08-14 14:13:58.778,283.522,285913,958.83,-6.02,964.85
2026-08-14 14:13:58.778,283.522,286012,958.98,-5.87,964.85
2026-08-14 14:13:58.985,283.729,286112,958.86,-5.99,964.85
2026-08-14 14:13:58.986,283.729,286213,958.89,-5.96,964.85
2026-08-14 14:13:59.194,283.937,286312,958.94,-5.91,964.85
2026-08-14 14:13:59.194,283.938,286412,958.87,-5.98,964.85
2026-08-14 14:13:59.408,284.152,286513,958.95,-5.9,964.85
2026-08-14 14:13:59.409,284.152,286612,958.86,-5.99,964.85
2026-08-14 14:13:59.618,284.361,286712,958.94,-5.91,964.85
2026-08-14 14:13:59.618,284.361,286812,959.06,-5.79,964.85
2026-08-14 14:13:59.825,284.569,286912,958.99,-5.86,964.85
2026-08-14 14:13:59.825,284.569,287012,959.08,-5.77,964.85
2026-08-14 14:14:00.032,284.776,287112,958.94,-5.91,964.85
2026-08-14 14:14:00.033,284.776,287212,959.03,-5.82,964.85
2026-08-14 14:14:00.239,284.983,287312,959.13,-5.72,964.85
2026-08-14 14:14:00.240,284.983,287412,959.17,-5.68,964.85
2026-08-14 14:14:00.444,285.187,287512,959.09,-5.76,964.85
2026-08-14 14:14:00.444,285.188,287612,959.18,-5.67,964.85
2026-08-14 14:14:00.652,285.396,287712,959.12,-5.73,964.85
2026-08-14 14:14:00.652,285.396,287812,959.27,-5.58,964.85
2026-08-14 14:14:00.861,285.605,287912,959.16,-5.69,964.85
2026-08-14 14:14:00.861,285.605,288012,959.23,-5.62,964.85
2026-08-14 14:14:00.861,285.605,288112,959.27,-5.58,964.85
2026-08-14 14:14:01.068,285.812,288212,959.26,-5.59,964.85
2026-08-14 14:14:01.068,285.812,288312,959.22,-5.63,964.85
2026-08-14 14:14:01.276,286.02,288412,959.24,-5.61,964.85
2026-08-14 14:14:01.277,286.02,288513,959.14,-5.71,964.85
2026-08-14 14:14:01.477,286.221,288612,959.22,-5.63,964.85
2026-08-14 14:14:01.477,286.221,288712,959.23,-5.62,964.85
2026-08-14 14:14:01.684,286.427,288813,959.17,-5.68,964.85
2026-08-14 14:14:01.684,286.428,288912,959.21,-5.64,964.85
2026-08-14 14:14:01.892,286.636,289012,959.22,-5.63,964.85
2026-08-14 14:14:01.893,286.636,289113,959.22,-5.63,964.85
2026-08-14 14:14:02.102,286.845,289212,959.13,-5.72,964.85
2026-08-14 14:14:02.102,286.845,289312,959.24,-5.61,964.85
2026-08-14 14:14:02.310,287.053,289413,959.31,-5.54,964.85
2026-08-14 14:14:02.310,287.054,289512,959.24,-5.61,964.85
2026-08-14 14:14:02.512,287.255,289612,959.14,-5.71,964.85
2026-08-14 14:14:02.512,287.255,289713,959.3,-5.55,964.85
2026-08-14 14:14:02.720,287.464,289812,959.3,-5.55,964.85
2026-08-14 14:14:02.721,287.464,289912,959.21,-5.64,964.85
2026-08-14 14:14:02.929,287.673,290012,959.28,-5.57,964.85
2026-08-14 14:14:02.929,287.673,290112,959.29,-5.56,964.85
2026-08-14 14:14:03.136,287.88,290212,959.37,-5.48,964.85
2026-08-14 14:14:03.136,287.88,290312,959.22,-5.63,964.85
2026-08-14 14:14:03.342,288.085,290412,959.38,-5.47,964.85
2026-08-14 14:14:03.351,288.094,290512,959.33,-5.52,964.85
2026-08-14 14:14:03.562,288.306,290612,959.4,-5.45,964.85
2026-08-14 14:14:03.562,288.306,290712,959.33,-5.52,964.85
2026-08-14 14:14:03.563,288.306,290812,959.43,-5.42,964.85
2026-08-14 14:14:03.770,288.513,290912,959.48,-5.37,964.85
2026-08-14 14:14:03.770,288.514,291012,959.56,-5.29,964.85
2026-08-14 14:14:03.977,288.72,291112,959.41,-5.44,964.85
2026-08-14 14:14:03.977,288.721,291212,959.48,-5.37,964.85
2026-08-14 14:14:04.186,288.929,291312,959.49,-5.36,964.85
2026-08-14 14:14:04.186,288.93,291412,959.45,-5.4,964.85
2026-08-14 14:14:04.393,289.136,291512,959.4,-5.45,964.85
2026-08-14 14:14:04.393,289.137,291612,959.53,-5.32,964.85
2026-08-14 14:14:04.596,289.34,291713,959.53,-5.32,964.85
2026-08-14 14:14:04.596,289.34,291812,959.52,-5.33,964.85
2026-08-14 14:14:04.803,289.547,291912,959.52,-5.33,964.85
2026-08-14 14:14:04.803,289.547,292013,959.5,-5.35,964.85
2026-08-14 14:14:05.012,289.755,292112,959.54,-5.31,964.85
2026-08-14 14:14:05.012,289.755,292212,959.63,-5.22,964.85
2026-08-14 14:14:05.221,289.964,292313,959.63,-5.22,964.85
2026-08-14 14:14:05.221,289.965,292412,959.65,-5.2,964.85
2026-08-14 14:14:05.429,290.173,292512,959.61,-5.24,964.85
2026-08-14 14:14:05.430,290.173,292613,959.68,-5.17,964.85
2026-08-14 14:14:05.631,290.374,292712,959.69,-5.16,964.85
2026-08-14 14:14:05.631,290.374,292812,959.69,-5.16,964.85
2026-08-14 14:14:05.838,290.582,292913,959.73,-5.12,964.85
2026-08-14 14:14:05.838,290.582,293012,959.72,-5.13,964.85
2026-08-14 14:14:06.046,290.789,293112,959.77,-5.08,964.85
2026-08-14 14:14:06.046,290.79,293212,959.71,-5.14,964.85
2026-08-14 14:14:06.253,290.997,293312,959.67,-5.18,964.85
2026-08-14 14:14:06.254,290.997,293412,959.72,-5.13,964.85
2026-08-14 14:14:06.462,291.206,293512,959.74,-5.11,964.85
2026-08-14 14:14:06.463,291.206,293612,959.78,-5.07,964.85
2026-08-14 14:14:06.463,291.207,293712,959.57,-5.28,964.85
2026-08-14 14:14:06.666,291.409,293812,959.72,-5.13,964.85
2026-08-14 14:14:06.666,291.409,293912,959.75,-5.1,964.85
2026-08-14 14:14:06.875,291.618,294012,959.81,-5.04,964.85
2026-08-14 14:14:06.875,291.618,294112,959.69,-5.16,964.85
2026-08-14 14:14:07.082,291.826,294212,959.79,-5.06,964.85
2026-08-14 14:14:07.083,291.826,294312,959.72,-5.13,964.85
2026-08-14 14:14:07.291,292.034,294412,959.82,-5.03,964.85
2026-08-14 14:14:07.291,292.034,294512,959.73,-5.12,964.85
2026-08-14 14:14:07.499,292.243,294612,959.67,-5.18,964.85
2026-08-14 14:14:07.500,292.243,294712,959.78,-5.07,964.85
2026-08-14 14:14:07.715,292.458,294812,959.91,-4.94,964.85
2026-08-14 14:14:07.715,292.458,294913,959.84,-5.01,964.85
2026-08-14 14:14:07.924,292.667,295012,959.78,-5.07,964.85
2026-08-14 14:14:07.924,292.667,295112,959.84,-5.01,964.85
2026-08-14 14:14:08.132,292.875,295213,959.7,-5.15,964.85
2026-08-14 14:14:08.132,292.875,295312,959.8,-5.05,964.85
2026-08-14 14:14:08.340,293.084,295412,959.83,-5.02,964.85
2026-08-14 14:14:08.340,293.084,295513,959.92,-4.93,964.85
2026-08-14 14:14:08.548,293.292,295612,959.77,-5.08,964.85
2026-08-14 14:14:08.549,293.292,295712,959.83,-5.02,964.85
2026-08-14 14:14:08.751,293.494,295813,959.77,-5.08,964.85
2026-08-14 14:14:08.751,293.495,295912,959.81,-5.04,964.85
2026-08-14 14:14:08.960,293.703,296012,959.9,-4.95,964.85
2026-08-14 14:14:08.960,293.704,296113,959.88,-4.97,964.85
2026-08-14 14:14:08.960,293.704,296212,959.86,-4.99,964.85
2026-08-14 14:14:09.168,293.911,296312,959.92,-4.93,964.85
2026-08-14 14:14:09.168,293.911,296412,959.93,-4.92,964.85
2026-08-14 14:14:09.377,294.12,296512,959.99,-4.86,964.85
2026-08-14 14:14:09.377,294.12,296612,960.01,-4.84,964.85
2026-08-14 14:14:09.585,294.328,296712,960.04,-4.81,964.85
2026-08-14 14:14:09.585,294.329,296812,960.02,-4.83,964.85
2026-08-14 14:14:09.800,294.543,296912,960.13,-4.72,964.85
2026-08-14 14:14:09.800,294.544,297012,959.95,-4.9,964.85
2026-08-14 14:14:10.008,294.752,297112,960.05,-4.8,964.85
2026-08-14 14:14:10.008,294.752,297212,959.94,-4.91,964.85
2026-08-14 14:14:10.217,294.96,297312,960.11,-4.74,964.85
2026-08-14 14:14:10.217,294.961,297412,960.1,-4.75,964.85
2026-08-14 14:14:10.425,295.169,297512,960.02,-4.83,964.85
2026-08-14 14:14:10.425,295.169,297612,960.07,-4.78,964.85
2026-08-14 14:14:10.634,295.378,297712,960.05,-4.8,964.85
2026-08-14 14:14:10.636,295.379,297812,960.04,-4.81,964.85
2026-08-14 14:14:10.850,295.594,297912,960.14,-4.71,964.85
2026-08-14 14:14:10.850,295.594,298012,960.01,-4.84,964.85
2026-08-14 14:14:11.058,295.802,298113,960.07,-4.78,964.85
2026-08-14 14:14:11.058,295.802,298212,960.04,-4.81,964.85
2026-08-14 14:14:11.267,296.01,298312,960.16,-4.69,964.85
2026-08-14 14:14:11.267,296.011,298413,960.12,-4.73,964.85
2026-08-14 14:14:11.267,296.011,298512,960.12,-4.73,964.85
2026-08-14 14:14:11.475,296.218,298612,959.98,-4.87,964.85
2026-08-14 14:14:11.475,296.218,298713,960.07,-4.78,964.85
2026-08-14 14:14:11.684,296.427,298812,960.19,-4.66,964.85
2026-08-14 14:14:11.684,296.428,298912,960.13,-4.72,964.85
2026-08-14 14:14:11.887,296.63,299013,960.33,-4.52,964.85
2026-08-14 14:14:11.887,296.63,299112,960.32,-4.53,964.85
2026-08-14 14:14:12.095,296.839,299212,960.21,-4.64,964.85
2026-08-14 14:14:12.095,296.839,299313,960.34,-4.51,964.85
2026-08-14 14:14:12.303,297.047,299412,960.23,-4.62,964.85
2026-08-14 14:14:12.304,297.047,299512,960.21,-4.64,964.85
2026-08-14 14:14:12.512,297.255,299612,960.27,-4.58,964.85
2026-08-14 14:14:12.512,297.255,299712,960.37,-4.48,964.85
2026-08-14 14:14:12.720,297.463,299812,960.3,-4.55,964.85
2026-08-14 14:14:12.721,297.464,299912,960.26,-4.59,964.85
2026-08-14 14:14:12.921,297.665,300012,960.24,-4.61,964.85
2026-08-14 14:14:12.921,297.665,300112,960.35,-4.5,964.85
2026-08-14 14:14:13.130,297.874,300212,960.35,-4.5,964.85
2026-08-14 14:14:13.130,297.874,300312,960.38,-4.47,964.85
2026-08-14 14:14:13.337,298.081,300412,960.36,-4.49,964.85
2026-08-14 14:14:13.337,298.081,300512,960.42,-4.43,964.85
2026-08-14 14:14:13.545,298.288,300612,960.31,-4.54,964.85
2026-08-14 14:14:13.545,298.288,300712,960.41,-4.44,964.85
2026-08-14 14:14:13.754,298.498,300812,960.41,-4.44,964.85
2026-08-14 14:14:13.755,298.498,300912,960.45,-4.4,964.85
2026-08-14 14:14:13.969,298.713,301012,960.35,-4.5,964.85
2026-08-14 14:14:13.969,298.713,301112,960.41,-4.44,964.85
2026-08-14 14:14:13.969,298.713,301212,960.46,-4.39,964.85
2026-08-14 14:14:14.177,298.921,301313,960.46,-4.39,964.85
2026-08-14 14:14:14.177,298.921,301412,960.49,-4.36,964.85
2026-08-14 14:14:14.387,299.13,301512,960.49,-4.36,964.85
2026-08-14 14:14:14.387,299.131,301613,960.77,-4.08,964.85
2026-08-14 14:14:14.595,299.339,301712,960.65,-4.2,964.85
2026-08-14 14:14:14.595,299.339,301812,960.61,-4.24,964.85
2026-08-14 14:14:14.805,299.548,301913,960.55,-4.3,964.85
2026-08-14 14:14:14.805,299.549,302012,960.61,-4.24,964.85
2026-08-14 14:14:15.020,299.764,302112,960.54,-4.31,964.85
2026-08-14 14:14:15.021,299.764,302213,960.59,-4.26,964.85
2026-08-14 14:14:15.230,299.974,302312,960.55,-4.3,964.85
2026-08-14 14:14:15.231,299.974,302412,960.53,-4.32,964.85
2026-08-14 14:14:15.439,300.182,302513,960.57,-4.28,964.85
2026-08-14 14:14:15.439,300.183,302612,960.57,-4.28,964.85
2026-08-14 14:14:15.646,300.39,302712,960.21,-4.64,964.85
2026-08-14 14:14:15.646,300.39,302812,960.08,-4.77,964.85
2026-08-14 14:14:15.855,300.599,302912,960.56,-4.29,964.85
2026-08-14 14:14:15.855,300.599,303012,960.5,-4.35,964.85
2026-08-14 14:14:16.057,300.8,303112,960.43,-4.42,964.85
2026-08-14 14:14:16.057,300.8,303212,960.58,-4.27,964.85
2026-08-14 14:14:16.265,301.008,303312,960.57,-4.28,964.85
2026-08-14 14:14:16.265,301.008,303412,960.5,-4.35,964.85
2026-08-14 14:14:16.265,301.009,303512,960.46,-4.39,964.85
2026-08-14 14:14:16.473,301.217,303612,960.49,-4.36,964.85
2026-08-14 14:14:16.473,301.217,303712,960.59,-4.26,964.85
2026-08-14 14:14:16.680,301.423,303812,960.5,-4.35,964.85
2026-08-14 14:14:16.680,301.423,303912,960.52,-4.33,964.85
2026-08-14 14:14:16.889,301.632,304012,960.53,-4.32,964.85
2026-08-14 14:14:16.889,301.633,304112,960.63,-4.22,964.85
2026-08-14 14:14:17.091,301.834,304212,960.59,-4.26,964.85
2026-08-14 14:14:17.091,301.835,304312,960.64,-4.21,964.85
2026-08-14 14:14:17.300,302.043,304412,960.65,-4.2,964.85
2026-08-14 14:14:17.300,302.043,304513,960.57,-4.28,964.85
2026-08-14 14:14:17.507,302.251,304612,960.62,-4.23,964.85
2026-08-14 14:14:17.508,302.251,304712,960.6,-4.25,964.85
2026-08-14 14:14:17.716,302.459,304813,960.69,-4.16,964.85
2026-08-14 14:14:17.716,302.459,304912,960.62,-4.23,964.85
2026-08-14 14:14:17.924,302.668,305012,960.68,-4.17,964.85
2026-08-14 14:14:17.924,302.668,305113,960.69,-4.16,964.85
2026-08-14 14:14:18.125,302.869,305212,960.7,-4.15,964.85
2026-08-14 14:14:18.125,302.869,305312,960.68,-4.17,964.85
2026-08-14 14:14:18.333,303.076,305413,960.71,-4.14,964.85
2026-08-14 14:14:18.333,303.077,305512,960.72,-4.13,964.85
2026-08-14 14:14:18.541,303.284,305612,960.73,-4.12,964.85
2026-08-14 14:14:18.541,303.284,305713,960.82,-4.03,964.85
2026-08-14 14:14:18.749,303.493,305812,960.81,-4.04,964.85
2026-08-14 14:14:18.749,303.493,305912,960.72,-4.13,964.85
2026-08-14 14:14:18.959,303.703,306012,960.85,-4.0,964.85
2026-08-14 14:14:18.960,303.703,306112,960.47,-4.38,964.85
2026-08-14 14:14:19.175,303.918,306212,960.61,-4.24,964.85
2026-08-14 14:14:19.175,303.918,306312,960.31,-4.54,964.85
2026-08-14 14:14:19.175,303.918,306412,960.79,-4.06,964.85
2026-08-14 14:14:19.387,304.13,306512,960.66,-4.19,964.85
2026-08-14 14:14:19.387,304.13,306612,960.57,-4.28,964.85
2026-08-14 14:14:19.592,304.335,306712,960.52,-4.33,964.85
2026-08-14 14:14:19.592,304.335,306812,959.88,-4.97,964.85
2026-08-14 14:14:19.799,304.542,306912,960.26,-4.59,964.85
2026-08-14 14:14:19.799,304.542,307012,960.4,-4.45,964.85
2026-08-14 14:14:20.007,304.75,307112,960.51,-4.34,964.85
2026-08-14 14:14:20.007,304.751,307212,960.29,-4.56,964.85
2026-08-14 14:14:20.210,304.953,307312,959.88,-4.97,964.85
2026-08-14 14:14:20.210,304.953,307412,959.95,-4.9,964.85
2026-08-14 14:14:20.418,305.162,307512,959.89,-4.96,964.85
2026-08-14 14:14:20.418,305.162,307612,959.93,-4.92,964.85
2026-08-14 14:14:20.627,305.37,307713,960.3,-4.55,964.85
2026-08-14 14:14:20.627,305.371,307812,960.46,-4.39,964.85
2026-08-14 14:14:20.835,305.578,307912,959.59,-5.26,964.85
2026-08-14 14:14:20.835,305.579,308013,960.13,-4.72,964.85
2026-08-14 14:14:21.056,305.799,308112,960.45,-4.4,964.85
2026-08-14 14:14:21.056,305.8,308212,959.89,-4.96,964.85
2026-08-14 14:14:21.262,306.005,308313,960.25,-4.6,964.85
2026-08-14 14:14:21.262,306.005,308412,960.09,-4.76,964.85
2026-08-14 14:14:21.469,306.212,308512,959.84,-5.01,964.85
2026-08-14 14:14:21.469,306.212,308613,959.44,-5.41,964.85
2026-08-14 14:14:21.469,306.213,308712,960.69,-4.16,964.85
2026-08-14 14:14:21.677,306.421,308812,960.43,-4.42,964.85
2026-08-14 14:14:21.677,306.421,308913,959.31,-5.54,964.85
2026-08-14 14:14:21.886,306.63,309012,959.34,-5.51,964.85
2026-08-14 14:14:21.887,306.63,309112,959.29,-5.56,964.85
2026-08-14 14:14:22.102,306.846,309212,959.12,-5.73,964.85
2026-08-14 14:14:22.102,306.846,309312,959.42,-5.43,964.85
2026-08-14 14:14:22.310,307.054,309412,959.61,-5.24,964.85
2026-08-14 14:14:22.311,307.054,309512,959.66,-5.19,964.85
2026-08-14 14:14:22.519,307.262,309612,959.8,-5.05,964.85
2026-08-14 14:14:22.519,307.262,309712,959.65,-5.2,964.85
2026-08-14 14:14:22.726,307.47,309812,959.56,-5.29,964.85
2026-08-14 14:14:22.727,307.47,309912,959.32,-5.53,964.85
2026-08-14 14:14:22.934,307.677,310012,959.23,-5.62,964.85
2026-08-14 14:14:22.934,307.677,310112,959.37,-5.48,964.85
2026-08-14 14:14:23.140,307.884,310212,959.36,-5.49,964.85
2026-08-14 14:14:23.140,307.884,310312,959.62,-5.23,964.85
2026-08-14 14:14:23.345,308.088,310412,959.33,-5.52,964.85
2026-08-14 14:14:23.345,308.089,310512,959.4,-5.45,964.85
2026-08-14 14:14:23.553,308.297,310612,959.44,-5.41,964.85
2026-08-14 14:14:23.554,308.297,310712,959.19,-5.66,964.85
2026-08-14 14:14:23.762,308.505,310812,959.38,-5.47,964.85
2026-08-14 14:14:23.762,308.505,310913,959.97,-4.88,964.85
2026-08-14 14:14:23.762,308.505,311012,959.0,-5.85,964.85
2026-08-14 14:14:23.970,308.713,311112,959.09,-5.76,964.85
2026-08-14 14:14:23.970,308.714,311213,959.42,-5.43,964.85
2026-08-14 14:14:24.186,308.93,311312,959.37,-5.48,964.85
2026-08-14 14:14:24.186,308.93,311412,959.67,-5.18,964.85
2026-08-14 14:14:24.396,309.14,311513,959.38,-5.47,964.85
2026-08-14 14:14:24.396,309.14,311612,959.51,-5.34,964.85
2026-08-14 14:14:24.605,309.349,311712,959.7,-5.15,964.85
2026-08-14 14:14:24.606,309.349,311813,959.31,-5.54,964.85
2026-08-14 14:14:24.812,309.556,311912,959.31,-5.54,964.85
2026-08-14 14:14:24.813,309.556,312012,959.43,-5.42,964.85
2026-08-14 14:14:25.021,309.765,312113,959.37,-5.48,964.85
2026-08-14 14:14:25.021,309.765,312212,959.38,-5.47,964.85
2026-08-14 14:14:25.223,309.967,312312,959.49,-5.36,964.85
2026-08-14 14:14:25.223,309.967,312412,959.69,-5.16,964.85
2026-08-14 14:14:25.429,310.172,312512,959.55,-5.3,964.85
2026-08-14 14:14:25.429,310.172,312612,959.61,-5.24,964.85
2026-08-14 14:14:25.639,310.382,312712,959.69,-5.16,964.85
2026-08-14 14:14:25.639,310.383,312812,959.72,-5.13,964.85
2026-08-14 14:14:25.847,310.591,312912,959.88,-4.97,964.85
2026-08-14 14:14:25.848,310.591,313012,959.8,-5.05,964.85
2026-08-14 14:14:26.056,310.799,313112,959.84,-5.01,964.85
2026-08-14 14:14:26.056,310.799,313212,959.71,-5.14,964.85
2026-08-14 14:14:26.263,311.007,313312,959.69,-5.16,964.85
2026-08-14 14:14:26.264,311.007,313412,959.43,-5.42,964.85
2026-08-14 14:14:26.264,311.007,313512,959.57,-5.28,964.85
2026-08-14 14:14:26.466,311.209,313612,959.59,-5.26,964.85
2026-08-14 14:14:26.466,311.21,313712,959.87,-4.98,964.85
2026-08-14 14:14:26.675,311.418,313812,959.36,-5.49,964.85
2026-08-14 14:14:26.675,311.418,313912,959.48,-5.37,964.85
2026-08-14 14:14:26.882,311.625,314012,958.41,-6.44,964.85
2026-08-14 14:14:26.882,311.626,314113,959.73,-5.12,964.85
2026-08-14 14:14:27.090,311.834,314212,959.42,-5.43,964.85
2026-08-14 14:14:27.090,311.834,314312,959.67,-5.18,964.85
2026-08-14 14:14:27.308,312.051,314413,959.4,-5.45,964.85
2026-08-14 14:14:27.308,312.051,314512,959.13,-5.72,964.85
2026-08-14 14:14:27.515,312.258,314612,959.15,-5.7,964.85
2026-08-14 14:14:27.515,312.259,314713,959.38,-5.47,964.85
2026-08-14 14:14:27.723,312.467,314812,959.37,-5.48,964.85
2026-08-14 14:14:27.724,312.467,314912,959.53,-5.32,964.85
2026-08-14 14:14:27.932,312.675,315013,959.37,-5.48,964.85
2026-08-14 14:14:27.932,312.676,315112,959.64,-5.21,964.85
2026-08-14 14:14:28.140,312.883,315212,959.61,-5.24,964.85
2026-08-14 14:14:28.140,312.884,315313,959.61,-5.24,964.85
2026-08-14 14:14:28.349,313.093,315412,959.66,-5.19,964.85
2026-08-14 14:14:28.349,313.093,315512,959.74,-5.11,964.85
2026-08-14 14:14:28.550,313.294,315612,959.78,-5.07,964.85
2026-08-14 14:14:28.550,313.294,315712,959.69,-5.16,964.85
2026-08-14 14:14:28.758,313.502,315812,959.81,-5.04,964.85
2026-08-14 14:14:28.758,313.502,315912,959.79,-5.06,964.85
2026-08-14 14:14:28.966,313.709,316012,959.85,-5.0,964.85
2026-08-14 14:14:28.966,313.709,316112,959.83,-5.02,964.85
2026-08-14 14:14:28.966,313.709,316212,959.8,-5.05,964.85
2026-08-14 14:14:29.174,313.917,316312,959.81,-5.04,964.85
2026-08-14 14:14:29.174,313.918,316412,959.76,-5.09,964.85
2026-08-14 14:14:29.392,314.135,316512,959.85,-5.0,964.85
2026-08-14 14:14:29.392,314.135,316612,959.9,-4.95,964.85
2026-08-14 14:14:29.599,314.343,316712,960.03,-4.82,964.85
2026-08-14 14:14:29.599,314.343,316812,959.89,-4.96,964.85
2026-08-14 14:14:29.808,314.552,316912,959.85,-5.0,964.85
2026-08-14 14:14:29.808,314.552,317012,959.99,-4.86,964.85
2026-08-14 14:14:30.016,314.76,317112,959.89,-4.96,964.85
2026-08-14 14:14:30.016,314.76,317212,960.01,-4.84,964.85
2026-08-14 14:14:30.224,314.968,317313,960.01,-4.84,964.85
2026-08-14 14:14:30.224,314.968,317412,959.96,-4.89,964.85
2026-08-14 14:14:30.432,315.176,317512,960.0,-4.85,964.85
2026-08-14 14:14:30.433,315.176,317613,960.04,-4.81,964.85
2026-08-14 14:14:30.638,315.382,317712,959.97,-4.88,964.85
2026-08-14 14:14:30.639,315.383,317812,960.05,-4.8,964.85
2026-08-14 14:14:30.845,315.589,317913,960.04,-4.81,964.85
2026-08-14 14:14:30.845,315.589,318012,960.15,-4.7,964.85
2026-08-14 14:14:31.054,315.798,318112,960.08,-4.77,964.85
2026-08-14 14:14:31.054,315.798,318213,960.13,-4.72,964.85
2026-08-14 14:14:31.262,316.006,318312,960.12,-4.73,964.85
2026-08-14 14:14:31.263,316.006,318412,960.04,-4.81,964.85
2026-08-14 14:14:31.478,316.221,318513,960.1,-4.75,964.85
2026-08-14 14:14:31.478,316.222,318612,960.07,-4.78,964.85
2026-08-14 14:14:31.478,316.222,318712,960.18,-4.67,964.85
2026-08-14 14:14:31.685,316.428,318812,960.16,-4.69,964.85
2026-08-14 14:14:31.685,316.428,318912,960.12,-4.73,964.85
2026-08-14 14:14:31.894,316.637,319012,960.14,-4.71,964.85
2026-08-14 14:14:31.894,316.637,319112,960.24,-4.61,964.85
2026-08-14 14:14:32.102,316.845,319212,960.17,-4.68,964.85
2026-08-14 14:14:32.102,316.845,319312,960.14,-4.71,964.85
2026-08-14 14:14:32.311,317.054,319412,960.1,-4.75,964.85
2026-08-14 14:14:32.311,317.054,319512,960.22,-4.63,964.85
2026-08-14 14:14:32.514,317.257,319612,960.19,-4.66,964.85
2026-08-14 14:14:32.514,317.257,319712,960.22,-4.63,964.85
2026-08-14 14:14:32.720,317.463,319812,960.04,-4.81,964.85
2026-08-14 14:14:32.720,317.464,319912,960.21,-4.64,964.85
2026-08-14 14:14:32.927,317.67,320012,960.17,-4.68,964.85
2026-08-14 14:14:32.927,317.67,320112,960.19,-4.66,964.85
2026-08-14 14:14:33.135,317.878,320212,960.3,-4.55,964.85
2026-08-14 14:14:33.135,317.879,320312,960.27,-4.58,964.85
2026-08-14 14:14:33.342,318.086,320412,960.3,-4.55,964.85
2026-08-14 14:14:33.342,318.086,320513,960.28,-4.57,964.85
2026-08-14 14:14:33.559,318.303,320612,960.22,-4.63,964.85
2026-08-14 14:14:33.559,318.303,320712,960.3,-4.55,964.85
2026-08-14 14:14:33.770,318.514,320813,960.26,-4.59,964.85
2026-08-14 14:14:33.770,318.514,320912,960.28,-4.57,964.85
2026-08-14 14:14:33.771,318.514,321012,960.28,-4.57,964.85
2026-08-14 14:14:33.978,318.722,321113,960.37,-4.48,964.85
2026-08-14 14:14:33.978,318.722,321212,960.27,-4.58,964.85
2026-08-14 14:14:34.186,318.93,321312,960.3,-4.55,964.85
2026-08-14 14:14:34.186,318.93,321413,960.38,-4.47,964.85
2026-08-14 14:14:34.392,319.135,321512,960.26,-4.59,964.85
2026-08-14 14:14:34.392,319.135,321612,960.82,-4.03,964.85
2026-08-14 14:14:34.592,319.336,321713,960.55,-4.3,964.85
2026-08-14 14:14:34.593,319.336,321812,960.41,-4.44,964.85
2026-08-14 14:14:34.800,319.543,321912,960.37,-4.48,964.85
2026-08-14 14:14:34.800,319.543,322012,960.48,-4.37,964.85
2026-08-14 14:14:35.002,319.745,322112,960.61,-4.24,964.85
2026-08-14 14:14:35.002,319.746,322212,960.39,-4.46,964.85
2026-08-14 14:14:35.206,319.949,322312,960.46,-4.39,964.85
2026-08-14 14:14:35.206,319.949,322412,960.38,-4.47,964.85
2026-08-14 14:14:35.410,320.153,322512,960.54,-4.31,964.85
2026-08-14 14:14:35.410,320.153,322612,960.45,-4.4,964.85
2026-08-14 14:14:35.618,320.362,322712,960.52,-4.33,964.85
2026-08-14 14:14:35.619,320.362,322812,960.54,-4.31,964.85
2026-08-14 14:14:35.823,320.567,322912,960.62,-4.23,964.85
2026-08-14 14:14:35.824,320.567,323012,960.47,-4.38,964.85
2026-08-14 14:14:36.032,320.775,323112,960.56,-4.29,964.85
2026-08-14 14:14:36.032,320.775,323212,960.54,-4.31,964.85
2026-08-14 14:14:36.241,320.985,323312,960.52,-4.33,964.85
2026-08-14 14:14:36.241,320.985,323412,960.48,-4.37,964.85
2026-08-14 14:14:36.448,321.192,323512,960.62,-4.23,964.85
2026-08-14 14:14:36.448,321.192,323612,960.57,-4.28,964.85
2026-08-14 14:14:36.656,321.4,323713,960.51,-4.34,964.85
2026-08-14 14:14:36.657,321.4,323812,960.58,-4.27,964.85
2026-08-14 14:14:36.857,321.601,323912,960.6,-4.25,964.85
2026-08-14 14:14:36.857,321.601,324013,960.58,-4.27,964.85
2026-08-14 14:14:37.065,321.808,324112,960.58,-4.27,964.85
2026-08-14 14:14:37.065,321.809,324212,960.68,-4.17,964.85
2026-08-14 14:14:37.068,321.812,324313,960.65,-4.2,964.85
2026-08-14 14:14:37.272,322.016,324412,960.59,-4.26,964.85
2026-08-14 14:14:37.272,322.016,324512,960.6,-4.25,964.85
2026-08-14 14:14:37.480,322.223,324613,960.42,-4.43,964.85
2026-08-14 14:14:37.480,322.223,324712,960.57,-4.28,964.85
2026-08-14 14:14:37.703,322.446,324812,960.74,-4.11,964.85
2026-08-14 14:14:37.703,322.446,324913,960.71,-4.14,964.85
2026-08-14 14:14:37.908,322.652,325012,960.74,-4.11,964.85
2026-08-14 14:14:37.908,322.652,325112,960.59,-4.26,964.85
2026-08-14 14:14:38.117,322.861,325212,960.72,-4.13,964.85
2026-08-14 14:14:38.117,322.861,325312,960.78,-4.07,964.85
2026-08-14 14:14:38.325,323.069,325412,960.68,-4.17,964.85
2026-08-14 14:14:38.326,323.069,325512,960.66,-4.19,964.85
2026-08-14 14:14:38.532,323.275,325612,960.63,-4.22,964.85
2026-08-14 14:14:38.532,323.276,325712,960.56,-4.29,964.85
2026-08-14 14:14:38.749,323.493,325812,960.63,-4.22,964.85
2026-08-14 14:14:38.749,323.493,325912,960.61,-4.24,964.85
2026-08-14 14:14:38.958,323.702,326012,960.81,-4.04,964.85
2026-08-14 14:14:38.959,323.702,326112,960.59,-4.26,964.85
2026-08-14 14:14:39.167,323.91,326212,960.71,-4.14,964.85
2026-08-14 14:14:39.167,323.91,326312,960.69,-4.16,964.85
2026-08-14 14:14:39.167,323.911,326412,960.79,-4.06,964.85
2026-08-14 14:14:39.375,324.118,326512,960.73,-4.12,964.85
2026-08-14 14:14:39.375,324.118,326612,960.67,-4.18,964.85
2026-08-14 14:14:39.581,324.325,326712,960.74,-4.11,964.85
2026-08-14 14:14:39.581,324.325,326812,960.77,-4.08,964.85
2026-08-14 14:14:39.789,324.533,326913,960.65,-4.2,964.85
2026-08-14 14:14:39.790,324.533,327012,960.74,-4.11,964.85
2026-08-14 14:14:39.992,324.735,327112,960.71,-4.14,964.85
2026-08-14 14:14:39.992,324.736,327213,960.86,-3.99,964.85
2026-08-14 14:14:40.201,324.944,327312,960.76,-4.09,964.85
2026-08-14 14:14:40.201,324.945,327412,960.77,-4.08,964.85
2026-08-14 14:14:40.409,325.152,327513,960.81,-4.04,964.85
2026-08-14 14:14:40.409,325.152,327612,960.75,-4.1,964.85
2026-08-14 14:14:40.617,325.361,327712,960.89,-3.96,964.85
2026-08-14 14:14:40.617,325.361,327813,960.71,-4.14,964.85
2026-08-14 14:14:40.838,325.582,327912,960.79,-4.06,964.85
2026-08-14 14:14:40.839,325.582,328012,960.77,-4.08,964.85
2026-08-14 14:14:41.044,325.787,328113,960.89,-3.96,964.85
2026-08-14 14:14:41.044,325.787,328212,960.86,-3.99,964.85
2026-08-14 14:14:41.252,325.996,328312,960.87,-3.98,964.85
2026-08-14 14:14:41.253,325.996,328412,960.81,-4.04,964.85
2026-08-14 14:14:41.462,326.205,328512,960.78,-4.07,964.85
2026-08-14 14:14:41.462,326.205,328612,960.76,-4.09,964.85
2026-08-14 14:14:41.670,326.414,328712,960.84,-4.01,964.85
2026-08-14 14:14:41.670,326.414,328812,960.85,-4.0,964.85
2026-08-14 14:14:41.670,326.414,328912,960.79,-4.06,964.85
2026-08-14 14:14:41.882,326.625,329012,960.94,-3.91,964.85
2026-08-14 14:14:41.882,326.625,329112,960.83,-4.02,964.85
2026-08-14 14:14:42.094,326.838,329212,960.87,-3.98,964.85
2026-08-14 14:14:42.095,326.838,329312,960.72,-4.13,964.85
2026-08-14 14:14:42.303,327.046,329412,960.89,-3.96,964.85
2026-08-14 14:14:42.303,327.046,329512,960.88,-3.97,964.85
2026-08-14 14:14:42.511,327.255,329612,960.8,-4.05,964.85
2026-08-14 14:14:42.512,327.255,329712,960.88,-3.97,964.85
2026-08-14 14:14:42.720,327.464,329812,960.93,-3.92,964.85
2026-08-14 14:14:42.720,327.464,329912,960.77,-4.08,964.85
2026-08-14 14:14:42.921,327.664,330012,960.88,-3.97,964.85
2026-08-14 14:14:42.921,327.665,330113,960.95,-3.9,964.85
2026-08-14 14:14:43.128,327.871,330212,960.81,-4.04,964.85
2026-08-14 14:14:43.128,327.871,330312,960.91,-3.94,964.85
2026-08-14 14:14:43.336,328.08,330413,960.84,-4.01,964.85
2026-08-14 14:14:43.337,328.08,330512,960.84,-4.01,964.85
2026-08-14 14:14:43.545,328.288,330612,960.89,-3.96,964.85
2026-08-14 14:14:43.545,328.288,330713,960.89,-3.96,964.85
2026-08-14 14:14:43.753,328.496,330812,960.92,-3.93,964.85
2026-08-14 14:14:43.753,328.497,330912,960.92,-3.93,964.85
2026-08-14 14:14:43.960,328.704,331013,960.84,-4.01,964.85
2026-08-14 14:14:43.960,328.704,331112,960.9,-3.95,964.85
2026-08-14 14:14:44.163,328.907,331212,960.95,-3.9,964.85
2026-08-14 14:14:44.164,328.907,331313,960.89,-3.96,964.85
2026-08-14 14:14:44.373,329.116,331412,961.02,-3.83,964.85
2026-08-14 14:14:44.373,329.116,331512,960.96,-3.89,964.85
2026-08-14 14:14:44.373,329.117,331612,960.93,-3.92,964.85
2026-08-14 14:14:44.581,329.325,331712,960.92,-3.93,964.85
2026-08-14 14:14:44.582,329.325,331812,960.95,-3.9,964.85
2026-08-14 14:14:44.791,329.535,331912,960.94,-3.91,964.85
2026-08-14 14:14:44.791,329.535,332012,960.93,-3.92,964.85
2026-08-14 14:14:45.006,329.75,332112,960.89,-3.96,964.85
2026-08-14 14:14:45.006,329.75,332212,961.07,-3.78,964.85
2026-08-14 14:14:45.213,329.957,332312,960.97,-3.88,964.85
2026-08-14 14:14:45.213,329.957,332412,961.04,-3.81,964.85
2026-08-14 14:14:45.421,330.164,332512,960.97,-3.88,964.85
2026-08-14 14:14:45.421,330.165,332612,961.02,-3.83,964.85
2026-08-14 14:14:45.630,330.373,332712,960.96,-3.89,964.85
2026-08-14 14:14:45.630,330.373,332812,961.03,-3.82,964.85
2026-08-14 14:14:45.839,330.582,332912,961.0,-3.85,964.85
2026-08-14 14:14:45.839,330.582,333012,961.03,-3.82,964.85
2026-08-14 14:14:46.046,330.789,333112,960.91,-3.94,964.85
2026-08-14 14:14:46.046,330.79,333212,961.04,-3.81,964.85
2026-08-14 14:14:46.248,330.992,333313,960.99,-3.86,964.85
2026-08-14 14:14:46.248,330.992,333412,961.07,-3.78,964.85
2026-08-14 14:14:46.457,331.2,333512,961.1,-3.75,964.85
2026-08-14 14:14:46.457,331.201,333613,960.98,-3.87,964.85
2026-08-14 14:14:46.665,331.408,333712,961.12,-3.73,964.85
2026-08-14 14:14:46.665,331.408,333812,960.9,-3.95,964.85
2026-08-14 14:14:46.669,331.413,333913,960.92,-3.93,964.85
2026-08-14 14:14:46.874,331.617,334012,960.96,-3.89,964.85
2026-08-14 14:14:46.874,331.617,334112,960.97,-3.88,964.85
2026-08-14 14:14:47.091,331.834,334213,961.0,-3.85,964.85
2026-08-14 14:14:47.091,331.835,334312,960.93,-3.92,964.85
2026-08-14 14:14:47.299,332.042,334412,960.96,-3.89,964.85
2026-08-14 14:14:47.299,332.043,334513,961.05,-3.8,964.85
2026-08-14 14:14:47.507,332.25,334612,961.04,-3.81,964.85
2026-08-14 14:14:47.507,332.251,334712,961.01,-3.84,964.85
2026-08-14 14:14:47.715,332.459,334812,961.09,-3.76,964.85
2026-08-14 14:14:47.716,332.459,334912,961.01,-3.84,964.85
2026-08-14 14:14:47.924,332.667,335012,961.04,-3.81,964.85
2026-08-14 14:14:47.924,332.668,335112,961.09,-3.76,964.85
2026-08-14 14:14:48.126,332.87,335212,961.16,-3.69,964.85
2026-08-14 14:14:48.126,332.87,335312,961.06,-3.79,964.85
2026-08-14 14:14:48.332,333.076,335412,961.16,-3.69,964.85
2026-08-14 14:14:48.333,333.076,335512,961.11,-3.74,964.85
2026-08-14 14:14:48.541,333.285,335612,961.17,-3.68,964.85
2026-08-14 14:14:48.541,333.285,335712,961.13,-3.72,964.85
2026-08-14 14:14:48.749,333.493,335812,961.07,-3.78,964.85
2026-08-14 14:14:48.750,333.493,335912,961.16,-3.69,964.85
2026-08-14 14:14:48.958,333.702,336012,961.16,-3.69,964.85
2026-08-14 14:14:48.958,333.702,336112,961.07,-3.78,964.85
2026-08-14 14:14:49.166,333.91,336212,961.15,-3.7,964.85
2026-08-14 14:14:49.166,333.91,336312,961.16,-3.69,964.85
2026-08-14 14:14:49.367,334.11,336412,961.11,-3.74,964.85
2026-08-14 14:14:49.367,334.111,336513,961.09,-3.76,964.85
2026-08-14 14:14:49.574,334.318,336612,961.16,-3.69,964.85
2026-08-14 14:14:49.574,334.318,336712,961.35,-3.5,964.85
2026-08-14 14:14:49.574,334.318,336813,961.28,-3.57,964.85
2026-08-14 14:14:49.783,334.526,336912,961.32,-3.53,964.85
2026-08-14 14:14:49.783,334.526,337012,961.26,-3.59,964.85
2026-08-14 14:14:49.992,334.735,337113,961.24,-3.61,964.85
2026-08-14 14:14:49.992,334.736,337212,961.25,-3.6,964.85
2026-08-14 14:14:50.206,334.95,337312,961.12,-3.73,964.85
2026-08-14 14:14:50.206,334.95,337413,961.11,-3.74,964.85
2026-08-14 14:14:50.417,335.16,337512,961.19,-3.66,964.85
2026-08-14 14:14:50.417,335.161,337612,961.23,-3.62,964.85
2026-08-14 14:14:50.626,335.369,337713,961.25,-3.6,964.85
2026-08-14 14:14:50.626,335.369,337812,961.29,-3.56,964.85
2026-08-14 14:14:50.834,335.578,337912,961.25,-3.6,964.85
2026-08-14 14:14:50.834,335.578,338012,961.18,-3.67,964.85
2026-08-14 14:14:51.041,335.785,338112,961.35,-3.5,964.85
2026-08-14 14:14:51.042,335.785,338212,961.17,-3.68,964.85
2026-08-14 14:14:51.248,335.992,338312,961.25,-3.6,964.85
2026-08-14 14:14:51.249,335.992,338412,961.15,-3.7,964.85
2026-08-14 14:14:51.452,336.196,338512,961.08,-3.77,964.85
2026-08-14 14:14:51.452,336.196,338612,961.25,-3.6,964.85
2026-08-14 14:14:51.662,336.405,338712,961.17,-3.68,964.85
2026-08-14 14:14:51.662,336.405,338812,961.21,-3.64,964.85
2026-08-14 14:14:51.869,336.613,338912,961.22,-3.63,964.85
2026-08-14 14:14:51.869,336.613,339012,961.16,-3.69,964.85
2026-08-14 14:14:51.871,336.615,339112,961.16,-3.69,964.85
2026-08-14 14:14:52.077,336.821,339212,961.18,-3.67,964.85
2026-08-14 14:14:52.077,336.821,339312,961.15,-3.7,964.85
2026-08-14 14:14:52.294,337.038,339412,961.27,-3.58,964.85
2026-08-14 14:14:52.294,337.038,339512,961.27,-3.58,964.85
2026-08-14 14:14:52.503,337.246,339612,961.18,-3.67,964.85
2026-08-14 14:14:52.503,337.246,339713,961.3,-3.55,964.85
2026-08-14 14:14:52.712,337.455,339812,961.23,-3.62,964.85
2026-08-14 14:14:52.712,337.455,339912,961.26,-3.59,964.85
2026-08-14 14:14:52.919,337.663,340013,961.37,-3.48,964.85
2026-08-14 14:14:52.920,337.663,340112,961.22,-3.63,964.85
2026-08-14 14:14:53.128,337.871,340212,961.22,-3.63,964.85
2026-08-14 14:14:53.128,337.871,340313,961.11,-3.74,964.85
2026-08-14 14:14:53.332,338.075,340412,961.28,-3.57,964.85
2026-08-14 14:14:53.332,338.076,340512,961.37,-3.48,964.85
2026-08-14 14:14:53.538,338.282,340613,961.27,-3.58,964.85
2026-08-14 14:14:53.539,338.282,340712,961.33,-3.52,964.85
2026-08-14 14:14:53.747,338.491,340812,961.22,-3.63,964.85
2026-08-14 14:14:53.747,338.491,340913,961.22,-3.63,964.85
2026-08-14 14:14:53.956,338.7,341012,961.32,-3.53,964.85
2026-08-14 14:14:53.957,338.7,341112,961.3,-3.55,964.85
2026-08-14 14:14:54.164,338.908,341212,961.28,-3.57,964.85
2026-08-14 14:14:54.164,338.908,341312,961.24,-3.61,964.85
2026-08-14 14:14:54.388,339.132,341412,961.27,-3.58,964.85
2026-08-14 14:14:54.388,339.132,341512,961.27,-3.58,964.85
2026-08-14 14:14:54.388,339.132,341612,961.31,-3.54,964.85
2026-08-14 14:14:54.603,339.347,341712,961.26,-3.59,964.85
2026-08-14 14:14:54.603,339.347,341812,961.28,-3.57,964.85
2026-08-14 14:14:54.812,339.556,341912,961.29,-3.56,964.85
2026-08-14 14:14:54.812,339.556,342012,961.24,-3.61,964.85
2026-08-14 14:14:55.020,339.763,342112,961.23,-3.62,964.85
2026-08-14 14:14:55.020,339.763,342212,961.21,-3.64,964.85
2026-08-14 14:14:55.228,339.971,342312,961.32,-3.53,964.85
2026-08-14 14:14:55.228,339.971,342412,961.42,-3.43,964.85
2026-08-14 14:14:55.435,340.179,342512,961.31,-3.54,964.85
2026-08-14 14:14:55.436,340.179,342612,961.02,-3.83,964.85
2026-08-14 14:14:55.642,340.385,342712,961.1,-3.75,964.85
2026-08-14 14:14:55.642,340.385,342812,961.11,-3.74,964.85
2026-08-14 14:14:55.848,340.592,342913,961.07,-3.78,964.85
2026-08-14 14:14:55.848,340.592,343012,961.05,-3.8,964.85
2026-08-14 14:14:56.057,340.801,343112,961.19,-3.66,964.85
2026-08-14 14:14:56.057,340.801,343213,961.1,-3.75,964.85
2026-08-14 14:14:56.264,341.008,343312,961.21,-3.64,964.85
2026-08-14 14:14:56.264,341.008,343412,961.19,-3.66,964.85
2026-08-14 14:14:56.473,341.217,343513,961.36,-3.49,964.85
2026-08-14 14:14:56.473,341.217,343612,961.27,-3.58,964.85
2026-08-14 14:14:56.473,341.217,343712,961.11,-3.74,964.85
2026-08-14 14:14:56.687,341.43,343813,961.2,-3.65,964.85
2026-08-14 14:14:56.687,341.431,343912,961.28,-3.57,964.85
2026-08-14 14:14:56.896,341.639,344012,961.09,-3.76,964.85
2026-08-14 14:14:56.896,341.639,344113,961.08,-3.77,964.85
2026-08-14 14:14:57.102,341.846,344212,961.14,-3.71,964.85
2026-08-14 14:14:57.103,341.846,344312,961.23,-3.62,964.85
2026-08-14 14:14:57.310,342.054,344412,961.09,-3.76,964.85
2026-08-14 14:14:57.311,342.054,344512,961.2,-3.65,964.85
2026-08-14 14:14:57.512,342.255,344612,961.22,-3.63,964.85
2026-08-14 14:14:57.512,342.255,344712,961.11,-3.74,964.85
2026-08-14 14:14:57.724,342.467,344812,961.09,-3.76,964.85
2026-08-14 14:14:57.724,342.467,344912,961.23,-3.62,964.85
2026-08-14 14:14:57.933,342.677,345012,961.03,-3.82,964.85
2026-08-14 14:14:57.933,342.677,345112,961.1,-3.75,964.85
2026-08-14 14:14:58.142,342.885,345212,960.84,-4.01,964.85
2026-08-14 14:14:58.142,342.885,345312,960.88,-3.97,964.85
2026-08-14 14:14:58.351,343.094,345412,960.87,-3.98,964.85
2026-08-14 14:14:58.351,343.094,345512,960.96,-3.89,964.85
2026-08-14 14:14:58.558,343.302,345612,961.0,-3.85,964.85
2026-08-14 14:14:58.558,343.302,345712,961.11,-3.74,964.85
2026-08-14 14:14:58.759,343.502,345812,961.22,-3.63,964.85
2026-08-14 14:14:58.759,343.503,345912,961.08,-3.77,964.85
2026-08-14 14:14:58.967,343.711,346012,961.04,-3.81,964.85
2026-08-14 14:14:58.968,343.711,346113,961.0,-3.85,964.85
2026-08-14 14:14:59.175,343.919,346212,960.9,-3.95,964.85
2026-08-14 14:14:59.175,343.919,346312,961.09,-3.76,964.85
2026-08-14 14:14:59.175,343.919,346413,961.1,-3.75,964.85
2026-08-14 14:14:59.383,344.127,346512,961.21,-3.64,964.85
2026-08-14 14:14:59.383,344.127,346612,961.18,-3.67,964.85
2026-08-14 14:14:59.606,344.349,346713,961.12,-3.73,964.85
2026-08-14 14:14:59.606,344.349,346812,961.11,-3.74,964.85
2026-08-14 14:14:59.810,344.554,346912,961.23,-3.62,964.85
2026-08-14 14:14:59.811,344.554,347013,961.16,-3.69,964.85
2026-08-14 14:15:00.018,344.761,347112,961.15,-3.7,964.85
2026-08-14 14:15:00.018,344.761,347212,961.12,-3.73,964.85
2026-08-14 14:15:00.226,344.97,347313,961.24,-3.61,964.85
2026-08-14 14:15:00.227,344.97,347412,961.01,-3.84,964.85
2026-08-14 14:15:00.434,345.178,347512,961.11,-3.74,964.85
2026-08-14 14:15:00.434,345.178,347612,961.13,-3.72,964.85
2026-08-14 14:15:00.642,345.386,347712,961.09,-3.76,964.85
2026-08-14 14:15:00.643,345.386,347812,961.22,-3.63,964.85
2026-08-14 14:15:00.844,345.587,347912,961.2,-3.65,964.85
2026-08-14 14:15:00.844,345.587,348012,961.11,-3.74,964.85
2026-08-14 14:15:01.052,345.796,348112,960.96,-3.89,964.85
2026-08-14 14:15:01.052,345.796,348212,961.43,-3.42,964.85
2026-08-14 14:15:01.260,346.004,348312,961.64,-3.21,964.85
2026-08-14 14:15:01.260,346.004,348412,961.56,-3.29,964.85
2026-08-14 14:15:01.467,346.211,348512,961.54,-3.31,964.85
2026-08-14 14:15:01.468,346.211,348612,961.61,-3.24,964.85
2026-08-14 14:15:01.685,346.429,348712,961.66,-3.19,964.85
2026-08-14 14:15:01.686,346.429,348812,961.59,-3.26,964.85
2026-08-14 14:15:01.686,346.429,348912,961.41,-3.44,964.85
2026-08-14 14:15:01.894,346.638,349012,961.48,-3.37,964.85
2026-08-14 14:15:01.894,346.638,349112,961.43,-3.42,964.85
2026-08-14 14:15:02.104,346.847,349212,961.16,-3.69,964.85
2026-08-14 14:15:02.104,346.847,349313,961.09,-3.76,964.85
2026-08-14 14:15:02.312,347.055,349412,961.16,-3.69,964.85
2026-08-14 14:15:02.312,347.056,349512,961.26,-3.59,964.85
2026-08-14 14:15:02.520,347.263,349613,961.15,-3.7,964.85
2026-08-14 14:15:02.520,347.264,349712,961.14,-3.71,964.85
2026-08-14 14:15:02.728,347.472,349812,961.2,-3.65,964.85
2026-08-14 14:15:02.729,347.472,349913,961.49,-3.36,964.85
2026-08-14 14:15:02.944,347.688,350012,961.45,-3.4,964.85
2026-08-14 14:15:02.944,347.688,350112,961.41,-3.44,964.85
2026-08-14 14:15:03.153,347.896,350213,961.3,-3.55,964.85
2026-08-14 14:15:03.153,347.897,350312,961.34,-3.51,964.85
2026-08-14 14:15:03.361,348.105,350412,961.38,-3.47,964.85
2026-08-14 14:15:03.361,348.105,350513,961.37,-3.48,964.85
2026-08-14 14:15:03.568,348.312,350612,961.53,-3.32,964.85
2026-08-14 14:15:03.568,348.312,350712,961.32,-3.53,964.85
2026-08-14 14:15:03.573,348.316,350812,961.3,-3.55,964.85
2026-08-14 14:15:03.773,348.517,350912,961.32,-3.53,964.85
2026-08-14 14:15:03.774,348.517,351012,961.38,-3.47,964.85
2026-08-14 14:15:03.979,348.722,351112,961.37,-3.48,964.85
2026-08-14 14:15:03.979,348.723,351212,961.35,-3.5,964.85
2026-08-14 14:15:04.188,348.932,351312,961.35,-3.5,964.85
2026-08-14 14:15:04.188,348.932,351412,961.39,-3.46,964.85
2026-08-14 14:15:04.397,349.14,351512,961.29,-3.56,964.85
2026-08-14 14:15:04.397,349.14,351612,961.35,-3.5,964.85
2026-08-14 14:15:04.606,349.349,351712,961.23,-3.62,964.85
2026-08-14 14:15:04.606,349.35,351812,961.37,-3.48,964.85
2026-08-14 14:15:04.831,349.574,351912,961.36,-3.49,964.85
2026-08-14 14:15:04.831,349.575,352012,961.28,-3.57,964.85
2026-08-14 14:15:05.032,349.776,352112,961.34,-3.51,964.85
2026-08-14 14:15:05.032,349.776,352212,961.25,-3.6,964.85
2026-08-14 14:15:05.240,349.983,352312,961.4,-3.45,964.85
2026-08-14 14:15:05.240,349.984,352412,961.39,-3.46,964.85
2026-08-14 14:15:05.448,350.192,352513,961.32,-3.53,964.85
2026-08-14 14:15:05.448,350.192,352612,961.48,-3.37,964.85
2026-08-14 14:15:05.657,350.4,352712,961.3,-3.55,964.85
2026-08-14 14:15:05.657,350.4,352813,961.28,-3.57,964.85
2026-08-14 14:15:05.873,350.616,352912,961.38,-3.47,964.85
2026-08-14 14:15:05.873,350.617,353012,961.33,-3.52,964.85
2026-08-14 14:15:05.875,350.618,353113,961.34,-3.51,964.85
2026-08-14 14:15:06.081,350.825,353212,961.31,-3.54,964.85
2026-08-14 14:15:06.082,350.825,353312,961.45,-3.4,964.85
2026-08-14 14:15:06.291,351.034,353413,961.45,-3.4,964.85
2026-08-14 14:15:06.291,351.034,353512,961.43,-3.42,964.85
2026-08-14 14:15:06.498,351.241,353612,961.3,-3.55,964.85
2026-08-14 14:15:06.498,351.241,353713,961.34,-3.51,964.85
2026-08-14 14:15:06.706,351.449,353812,961.29,-3.56,964.85
2026-08-14 14:15:06.706,351.45,353912,961.51,-3.34,964.85
2026-08-14 14:15:06.914,351.657,354012,961.35,-3.5,964.85
2026-08-14 14:15:06.914,351.658,354112,961.27,-3.58,964.85
2026-08-14 14:15:07.115,351.858,354212,961.43,-3.42,964.85
2026-08-14 14:15:07.115,351.859,354312,961.37,-3.48,964.85
2026-08-14 14:15:07.323,352.067,354412,961.35,-3.5,964.85
2026-08-14 14:15:07.324,352.067,354512,961.34,-3.51,964.85
2026-08-14 14:15:07.530,352.274,354612,961.29,-3.56,964.85
2026-08-14 14:15:07.531,352.274,354712,961.32,-3.53,964.85
2026-08-14 14:15:07.739,352.483,354812,961.37,-3.48,964.85
2026-08-14 14:15:07.739,352.483,354912,961.29,-3.56,964.85
2026-08-14 14:15:07.955,352.699,355012,961.3,-3.55,964.85
2026-08-14 14:15:07.955,352.699,355112,961.32,-3.53,964.85
2026-08-14 14:15:08.167,352.91,355212,961.35,-3.5,964.85
2026-08-14 14:15:08.167,352.91,355312,961.47,-3.38,964.85
2026-08-14 14:15:08.375,353.118,355412,961.4,-3.45,964.85
2026-08-14 14:15:08.375,353.119,355512,961.52,-3.33,964.85
2026-08-14 14:15:08.375,353.119,355612,961.36,-3.49,964.85
2026-08-14 14:15:08.584,353.328,355713,961.45,-3.4,964.85
2026-08-14 14:15:08.584,353.328,355812,961.43,-3.42,964.85
2026-08-14 14:15:08.793,353.537,355912,961.49,-3.36,964.85
2026-08-14 14:15:08.793,353.537,356013,961.4,-3.45,964.85
2026-08-14 14:15:09.001,353.745,356112,961.43,-3.42,964.85
2026-08-14 14:15:09.001,353.745,356212,961.43,-3.42,964.85
2026-08-14 14:15:09.217,353.961,356313,961.52,-3.33,964.85
2026-08-14 14:15:09.218,353.961,356412,961.48,-3.37,964.85
2026-08-14 14:15:09.423,354.166,356512,961.43,-3.42,964.85
2026-08-14 14:15:09.423,354.167,356613,961.44,-3.41,964.85
2026-08-14 14:15:09.632,354.376,356712,961.41,-3.44,964.85
2026-08-14 14:15:09.632,354.376,356812,961.46,-3.39,964.85
2026-08-14 14:15:09.840,354.584,356913,961.53,-3.32,964.85
2026-08-14 14:15:09.840,354.584,357012,961.5,-3.35,964.85
2026-08-14 14:15:10.041,354.784,357112,961.51,-3.34,964.85
2026-08-14 14:15:10.041,354.785,357212,961.5,-3.35,964.85
2026-08-14 14:15:10.250,354.994,357312,961.42,-3.43,964.85
2026-08-14 14:15:10.251,354.994,357412,961.44,-3.41,964.85
2026-08-14 14:15:10.459,355.202,357512,961.38,-3.47,964.85
2026-08-14 14:15:10.459,355.202,357612,961.42,-3.43,964.85
2026-08-14 14:15:10.667,355.411,357712,961.49,-3.36,964.85
2026-08-14 14:15:10.667,355.411,357812,961.43,-3.42,964.85
2026-08-14 14:15:10.876,355.619,357912,961.47,-3.38,964.85
2026-08-14 14:15:10.876,355.619,358012,961.52,-3.33,964.85
2026-08-14 14:15:10.876,355.62,358112,961.52,-3.33,964.85
2026-08-14 14:15:11.080,355.823,358212,961.44,-3.41,964.85
2026-08-14 14:15:11.080,355.824,358312,961.78,-3.07,964.85
2026-08-14 14:15:11.285,356.029,358412,961.55,-3.3,964.85
2026-08-14 14:15:11.285,356.029,358512,961.51,-3.34,964.85
2026-08-14 14:15:11.493,356.237,358612,961.5,-3.35,964.85
2026-08-14 14:15:11.494,356.237,358712,961.71,-3.14,964.85
2026-08-14 14:15:11.702,356.446,358812,961.57,-3.28,964.85
2026-08-14 14:15:11.703,356.446,358913,961.22,-3.63,964.85
2026-08-14 14:15:11.911,356.654,359012,961.34,-3.51,964.85
2026-08-14 14:15:11.911,356.654,359112,961.69,-3.16,964.85
2026-08-14 14:15:12.118,356.862,359213,961.7,-3.15,964.85
2026-08-14 14:15:12.118,356.862,359312,961.52,-3.33,964.85
2026-08-14 14:15:12.320,357.064,359412,961.65,-3.2,964.85
2026-08-14 14:15:12.320,357.064,359513,961.15,-3.7,964.85
2026-08-14 14:15:12.528,357.272,359612,961.44,-3.41,964.85
2026-08-14 14:15:12.528,357.272,359712,961.5,-3.35,964.85
2026-08-14 14:15:12.737,357.48,359813,961.44,-3.41,964.85
2026-08-14 14:15:12.737,357.48,359912,961.51,-3.34,964.85
2026-08-14 14:15:12.944,357.688,360012,961.75,-3.1,964.85
2026-08-14 14:15:12.944,357.688,360113,961.8,-3.05,964.85
2026-08-14 14:15:13.161,357.905,360212,961.92,-2.93,964.85
2026-08-14 14:15:13.161,357.905,360312,961.6,-3.25,964.85
2026-08-14 14:15:13.371,358.115,360412,961.65,-3.2,964.85
2026-08-14 14:15:13.371,358.115,360512,961.79,-3.06,964.85
2026-08-14 14:15:13.579,358.322,360612,961.72,-3.13,964.85
2026-08-14 14:15:13.579,358.323,360712,961.61,-3.24,964.85
2026-08-14 14:15:13.579,358.323,360812,961.53,-3.32,964.85
2026-08-14 14:15:13.787,358.531,360912,961.52,-3.33,964.85
2026-08-14 14:15:13.788,358.531,361012,961.48,-3.37,964.85
2026-08-14 14:15:13.995,358.739,361112,961.6,-3.25,964.85
2026-08-14 14:15:13.996,358.739,361212,961.4,-3.45,964.85
2026-08-14 14:15:14.203,358.946,361312,961.55,-3.3,964.85
2026-08-14 14:15:14.203,358.946,361412,961.65,-3.2,964.85
2026-08-14 14:15:14.405,359.149,361512,961.63,-3.22,964.85
2026-08-14 14:15:14.405,359.149,361612,961.67,-3.18,964.85
2026-08-14 14:15:14.614,359.357,361712,961.63,-3.22,964.85
2026-08-14 14:15:14.614,359.358,361812,961.63,-3.22,964.85
2026-08-14 14:15:14.822,359.566,361912,961.4,-3.45,964.85
2026-08-14 14:15:14.822,359.566,362012,961.6,-3.25,964.85
2026-08-14 14:15:15.031,359.774,362113,961.46,-3.39,964.85
2026-08-14 14:15:15.031,359.774,362212,961.35,-3.5,964.85
2026-08-14 14:15:15.246,359.99,362312,961.42,-3.43,964.85
2026-08-14 14:15:15.247,359.99,362413,961.6,-3.25,964.85
2026-08-14 14:15:15.456,360.199,362512,961.46,-3.39,964.85
2026-08-14 14:15:15.456,360.199,362612,961.58,-3.27,964.85
2026-08-14 14:15:15.664,360.408,362713,961.55,-3.3,964.85
2026-08-14 14:15:15.664,360.408,362812,961.7,-3.15,964.85
2026-08-14 14:15:15.872,360.615,362912,961.74,-3.11,964.85
2026-08-14 14:15:15.872,360.615,363013,961.62,-3.23,964.85
2026-08-14 14:15:16.080,360.824,363112,961.23,-3.62,964.85
2026-08-14 14:15:16.081,360.824,363212,961.45,-3.4,964.85
2026-08-14 14:15:16.081,360.824,363313,961.63,-3.22,964.85
2026-08-14 14:15:16.286,361.03,363412,961.51,-3.34,964.85
2026-08-14 14:15:16.286,361.03,363512,961.42,-3.43,964.85
2026-08-14 14:15:16.490,361.233,363612,961.42,-3.43,964.85
2026-08-14 14:15:16.490,361.234,363712,961.49,-3.36,964.85
2026-08-14 14:15:16.698,361.442,363812,961.47,-3.38,964.85
2026-08-14 14:15:16.698,361.442,363912,961.51,-3.34,964.85
2026-08-14 14:15:16.906,361.65,364012,961.58,-3.27,964.85
2026-08-14 14:15:16.907,361.65,364112,961.5,-3.35,964.85
2026-08-14 14:15:17.115,361.859,364212,961.4,-3.45,964.85
2026-08-14 14:15:17.115,361.859,364312,961.3,-3.55,964.85
2026-08-14 14:15:17.332,362.076,364412,961.04,-3.81,964.85
2026-08-14 14:15:17.333,362.076,364512,961.31,-3.54,964.85
2026-08-14 14:15:17.543,362.286,364612,961.51,-3.34,964.85
2026-08-14 14:15:17.543,362.287,364712,961.46,-3.39,964.85
2026-08-14 14:15:17.751,362.494,364812,961.35,-3.5,964.85
2026-08-14 14:15:17.751,362.495,364912,961.63,-3.22,964.85
2026-08-14 14:15:17.959,362.702,365012,961.4,-3.45,964.85
2026-08-14 14:15:17.959,362.702,365112,961.76,-3.09,964.85
2026-08-14 14:15:18.167,362.91,365212,961.68,-3.17,964.85
2026-08-14 14:15:18.167,362.911,365313,960.85,-4.0,964.85
2026-08-14 14:15:18.368,363.111,365412,961.26,-3.59,964.85
2026-08-14 14:15:18.368,363.112,365512,961.14,-3.71,964.85
2026-08-14 14:15:18.575,363.318,365613,961.13,-3.72,964.85
2026-08-14 14:15:18.575,363.318,365712,961.27,-3.58,964.85
2026-08-14 14:15:18.784,363.527,365812,960.8,-4.05,964.85
2026-08-14 14:15:18.784,363.527,365913,961.16,-3.69,964.85
2026-08-14 14:15:18.784,363.528,366012,960.93,-3.92,964.85
2026-08-14 14:15:18.991,363.735,366112,961.38,-3.47,964.85
2026-08-14 14:15:18.991,363.735,366213,960.82,-4.03,964.85
2026-08-14 14:15:19.200,363.943,366312,961.57,-3.28,964.85
2026-08-14 14:15:19.200,363.943,366412,960.69,-4.16,964.85
2026-08-14 14:15:19.407,364.15,366513,960.88,-3.97,964.85
2026-08-14 14:15:19.407,364.15,366612,960.17,-4.68,964.85
2026-08-14 14:15:19.609,364.353,366712,960.48,-4.37,964.85
2026-08-14 14:15:19.609,364.353,366812,960.66,-4.19,964.85
2026-08-14 14:15:19.818,364.562,366912,960.79,-4.06,964.85
2026-08-14 14:15:19.818,364.562,367012,960.69,-4.16,964.85
2026-08-14 14:15:20.025,364.769,367112,960.78,-4.07,964.85
2026-08-14 14:15:20.025,364.769,367212,960.62,-4.23,964.85
2026-08-14 14:15:20.233,364.977,367312,960.73,-4.12,964.85
2026-08-14 14:15:20.234,364.977,367412,960.84,-4.01,964.85
2026-08-14 14:15:20.442,365.185,367512,960.45,-4.4,964.85
2026-08-14 14:15:20.442,365.186,367612,961.08,-3.77,964.85
2026-08-14 14:15:20.644,365.387,367712,960.89,-3.96,964.85
2026-08-14 14:15:20.644,365.388,367812,961.05,-3.8,964.85
2026-08-14 14:15:20.853,365.596,367912,961.13,-3.72,964.85
2026-08-14 14:15:20.853,365.597,368012,961.0,-3.85,964.85
2026-08-14 14:15:21.061,365.805,368112,961.03,-3.82,964.85
2026-08-14 14:15:21.062,365.805,368212,960.78,-4.07,964.85
2026-08-14 14:15:21.271,366.015,368312,960.64,-4.21,964.85
2026-08-14 14:15:21.271,366.015,368412,961.04,-3.81,964.85
2026-08-14 14:15:21.485,366.229,368513,960.87,-3.98,964.85
2026-08-14 14:15:21.486,366.229,368612,960.97,-3.88,964.85
2026-08-14 14:15:21.486,366.229,368712,961.13,-3.72,964.85
2026-08-14 14:15:21.694,366.437,368813,960.99,-3.86,964.85
2026-08-14 14:15:21.694,366.437,368912,960.9,-3.95,964.85
2026-08-14 14:15:21.902,366.645,369012,960.85,-4.0,964.85
2026-08-14 14:15:21.902,366.646,369113,960.78,-4.07,964.85
2026-08-14 14:15:22.110,366.854,369212,960.62,-4.23,964.85
2026-08-14 14:15:22.111,366.854,369312,960.46,-4.39,964.85
2026-08-14 14:15:22.318,367.061,369413,960.54,-4.31,964.85
2026-08-14 14:15:22.318,367.062,369512,960.78,-4.07,964.85
2026-08-14 14:15:22.525,367.268,369612,960.83,-4.02,964.85
2026-08-14 14:15:22.525,367.269,369713,961.14,-3.71,964.85
2026-08-14 14:15:22.728,367.472,369812,960.87,-3.98,964.85
2026-08-14 14:15:22.728,367.472,369912,960.45,-4.4,964.85
2026-08-14 14:15:22.936,367.679,370012,960.34,-4.51,964.85
2026-08-14 14:15:22.936,367.679,370112,961.32,-3.53,964.85
2026-08-14 14:15:23.143,367.887,370212,961.55,-3.3,964.85
2026-08-14 14:15:23.144,367.887,370312,961.37,-3.48,964.85
2026-08-14 14:15:23.352,368.096,370412,960.65,-4.2,964.85
2026-08-14 14:15:23.353,368.096,370512,960.43,-4.42,964.85
2026-08-14 14:15:23.560,368.303,370612,960.6,-4.25,964.85
2026-08-14 14:15:23.560,368.304,370712,960.15,-4.7,964.85
2026-08-14 14:15:23.762,368.506,370812,959.78,-5.07,964.85
2026-08-14 14:15:23.763,368.506,370912,960.24,-4.61,964.85
2026-08-14 14:15:23.971,368.715,371012,960.82,-4.03,964.85
2026-08-14 14:15:23.972,368.715,371112,960.58,-4.27,964.85
2026-08-14 14:15:24.179,368.923,371212,960.17,-4.68,964.85
2026-08-14 14:15:24.180,368.923,371312,959.9,-4.95,964.85
2026-08-14 14:15:24.180,368.923,371412,957.51,-7.34,964.85
2026-08-14 14:15:24.387,369.13,371512,961.52,-3.33,964.85
2026-08-14 14:15:24.387,369.13,371612,959.12,-5.73,964.85
2026-08-14 14:15:24.593,369.337,371713,955.14,-9.71,964.85
2026-08-14 14:15:24.593,369.337,371812,959.54,-5.31,964.85
2026-08-14 14:15:24.795,369.538,371912,957.29,-7.56,964.85
2026-08-14 14:15:24.795,369.538,372013,955.61,-9.24,964.85
2026-08-14 14:15:25.002,369.746,372112,956.76,-8.09,964.85
2026-08-14 14:15:25.002,369.746,372212,955.79,-9.06,964.85
2026-08-14 14:15:25.209,369.953,372313,954.63,-10.22,964.85
2026-08-14 14:15:25.209,369.953,372412,955.04,-9.81,964.85
2026-08-14 14:15:25.418,370.162,372512,954.25,-10.6,964.85
2026-08-14 14:15:25.418,370.162,372613,955.39,-9.46,964.85
2026-08-14 14:15:25.635,370.379,372712,955.17,-9.68,964.85
2026-08-14 14:15:25.636,370.379,372812,955.73,-9.12,964.85
2026-08-14 14:15:25.847,370.591,372913,955.54,-9.31,964.85
2026-08-14 14:15:25.848,370.591,373012,955.4,-9.45,964.85
2026-08-14 14:15:26.055,370.799,373112,955.65,-9.2,964.85
2026-08-14 14:15:26.055,370.799,373212,955.59,-9.26,964.85
2026-08-14 14:15:26.263,371.007,373312,955.58,-9.27,964.85
2026-08-14 14:15:26.263,371.007,373412,955.57,-9.28,964.85
2026-08-14 14:15:26.471,371.215,373512,955.74,-9.11,964.85
2026-08-14 14:15:26.471,371.215,373612,955.72,-9.13,964.85
2026-08-14 14:15:26.676,371.42,373712,955.69,-9.16,964.85
2026-08-14 14:15:26.677,371.42,373812,955.64,-9.21,964.85
2026-08-14 14:15:26.881,371.624,373912,955.69,-9.16,964.85
2026-08-14 14:15:26.881,371.624,374012,955.73,-9.12,964.85
2026-08-14 14:15:26.881,371.625,374112,955.66,-9.19,964.85
2026-08-14 14:15:27.088,371.832,374212,955.63,-9.22,964.85
2026-08-14 14:15:27.088,371.832,374312,955.7,-9.15,964.85
2026-08-14 14:15:27.296,372.039,374412,955.72,-9.13,964.85
2026-08-14 14:15:27.296,372.039,374512,955.66,-9.19,964.85
2026-08-14 14:15:27.503,372.247,374612,955.64,-9.21,964.85
2026-08-14 14:15:27.504,372.247,374712,955.67,-9.18,964.85
2026-08-14 14:15:27.720,372.463,374812,955.62,-9.23,964.85
2026-08-14 14:15:27.720,372.463,374913,955.67,-9.18,964.85
2026-08-14 14:15:27.932,372.675,375012,955.62,-9.23,964.85
2026-08-14 14:15:27.932,372.675,375112,955.69,-9.16,964.85
2026-08-14 14:15:28.141,372.885,375213,955.69,-9.16,964.85
2026-08-14 14:15:28.141,372.885,375312,955.71,-9.14,964.85
2026-08-14 14:15:28.349,373.093,375412,955.73,-9.12,964.85
2026-08-14 14:15:28.350,373.093,375513,955.7,-9.15,964.85
2026-08-14 14:15:28.557,373.301,375612,955.75,-9.1,964.85
2026-08-14 14:15:28.558,373.301,375712,955.63,-9.22,964.85
2026-08-14 14:15:28.758,373.502,375813,955.56,-9.29,964.85
2026-08-14 14:15:28.758,373.502,375912,955.72,-9.13,964.85
2026-08-14 14:15:28.966,373.709,376012,955.73,-9.12,964.85
2026-08-14 14:15:28.966,373.709,376113,955.62,-9.23,964.85
2026-08-14 14:15:29.174,373.917,376212,955.73,-9.12,964.85
2026-08-14 14:15:29.174,373.917,376312,955.73,-9.12,964.85
2026-08-14 14:15:29.383,374.126,376412,955.83,-9.02,964.85
2026-08-14 14:15:29.383,374.127,376512,955.71,-9.14,964.85
2026-08-14 14:15:29.383,374.127,376612,955.77,-9.08,964.85
2026-08-14 14:15:29.589,374.333,376712,955.69,-9.16,964.85
2026-08-14 14:15:29.590,374.333,376812,955.75,-9.1,964.85
2026-08-14 14:15:29.790,374.534,376912,955.78,-9.07,964.85
2026-08-14 14:15:29.791,374.534,377012,955.76,-9.09,964.85
2026-08-14 14:15:30.001,374.744,377112,955.68,-9.17,964.85
2026-08-14 14:15:30.001,374.744,377212,955.72,-9.13,964.85
2026-08-14 14:15:30.207,374.951,377312,955.7,-9.15,964.85
2026-08-14 14:15:30.207,374.951,377412,955.73,-9.12,964.85
2026-08-14 14:15:30.416,375.159,377512,955.74,-9.11,964.85
2026-08-14 14:15:30.416,375.159,377612,955.86,-8.99,964.85
2026-08-14 14:15:30.624,375.368,377712,955.92,-8.93,964.85
2026-08-14 14:15:30.625,375.368,377812,955.74,-9.11,964.85
2026-08-14 14:15:30.826,375.569,377912,955.83,-9.02,964.85
2026-08-14 14:15:30.826,375.57,378012,955.81,-9.04,964.85
2026-08-14 14:15:31.036,375.78,378113,955.74,-9.11,964.85
2026-08-14 14:15:31.037,375.78,378212,955.83,-9.02,964.85
2026-08-14 14:15:31.245,375.989,378312,955.76,-9.09,964.85
2026-08-14 14:15:31.245,375.989,378413,955.8,-9.05,964.85
2026-08-14 14:15:31.453,376.196,378512,955.8,-9.05,964.85
2026-08-14 14:15:31.453,376.197,378612,955.79,-9.06,964.85
2026-08-14 14:15:31.662,376.405,378713,955.8,-9.05,964.85
2026-08-14 14:15:31.662,376.405,378812,955.85,-9.0,964.85
2026-08-14 14:15:31.869,376.612,378912,955.82,-9.03,964.85
2026-08-14 14:15:31.869,376.613,379013,955.79,-9.06,964.85
2026-08-14 14:15:32.070,376.813,379112,955.75,-9.1,964.85
2026-08-14 14:15:32.070,376.813,379212,955.85,-9.0,964.85
2026-08-14 14:15:32.278,377.021,379313,955.87,-8.98,964.85
2026-08-14 14:15:32.278,377.021,379412,955.78,-9.07,964.85
2026-08-14 14:15:32.280,377.024,379512,955.77,-9.08,964.85
2026-08-14 14:15:32.485,377.229,379612,955.77,-9.08,964.85
2026-08-14 14:15:32.486,377.229,379712,955.63,-9.22,964.85
2026-08-14 14:15:32.694,377.438,379812,955.71,-9.14,964.85
2026-08-14 14:15:32.695,377.438,379912,955.73,-9.12,964.85
2026-08-14 14:15:32.917,377.66,380012,955.78,-9.07,964.85
2026-08-14 14:15:32.917,377.66,380112,955.79,-9.06,964.85
2026-08-14 14:15:33.121,377.864,380212,955.82,-9.03,964.85
2026-08-14 14:15:33.121,377.865,380312,955.87,-8.98,964.85
2026-08-14 14:15:33.329,378.072,380412,955.89,-8.96,964.85
2026-08-14 14:15:33.329,378.073,380512,955.83,-9.02,964.85
2026-08-14 14:15:33.538,378.281,380612,955.8,-9.05,964.85
2026-08-14 14:15:33.538,378.281,380712,955.71,-9.14,964.85
2026-08-14 14:15:33.746,378.489,380812,955.84,-9.01,964.85
2026-08-14 14:15:33.746,378.489,380912,955.81,-9.04,964.85
2026-08-14 14:15:33.956,378.699,381012,955.81,-9.04,964.85
2026-08-14 14:15:33.956,378.699,381112,955.81,-9.04,964.85
2026-08-14 14:15:34.156,378.9,381212,955.77,-9.08,964.85
2026-08-14 14:15:34.156,378.9,381313,955.89,-8.96,964.85
2026-08-14 14:15:34.364,379.108,381412,955.79,-9.06,964.85
2026-08-14 14:15:34.364,379.108,381512,955.85,-9.0,964.85
2026-08-14 14:15:34.571,379.315,381613,955.85,-9.0,964.85
2026-08-14 14:15:34.572,379.315,381712,955.75,-9.1,964.85
2026-08-14 14:15:34.780,379.524,381812,955.86,-8.99,964.85
2026-08-14 14:15:34.780,379.524,381913,955.92,-8.93,964.85
2026-08-14 14:15:34.780,379.524,382012,955.92,-8.93,964.85
2026-08-14 14:15:34.998,379.741,382112,955.75,-9.1,964.85
2026-08-14 14:15:34.998,379.741,382213,955.83,-9.02,964.85
2026-08-14 14:15:35.204,379.947,382312,955.89,-8.96,964.85
2026-08-14 14:15:35.204,379.947,382412,955.84,-9.01,964.85
2026-08-14 14:15:35.415,380.159,382513,955.88,-8.97,964.85
2026-08-14 14:15:35.415,380.159,382612,955.82,-9.03,964.85
2026-08-14 14:15:35.620,380.363,382712,955.84,-9.01,964.85
2026-08-14 14:15:35.620,380.363,382812,955.88,-8.97,964.85
2026-08-14 14:15:35.829,380.573,382912,955.86,-8.99,964.85
2026-08-14 14:15:35.830,380.573,383012,955.73,-9.12,964.85
2026-08-14 14:15:36.037,380.781,383112,955.92,-8.93,964.85
2026-08-14 14:15:36.038,380.782,383212,955.95,-8.9,964.85
2026-08-14 14:15:36.241,380.985,383312,955.93,-8.92,964.85
2026-08-14 14:15:36.241,380.985,383412,955.88,-8.97,964.85
2026-08-14 14:15:36.445,381.189,383512,955.75,-9.1,964.85
2026-08-14 14:15:36.445,381.189,383612,955.89,-8.96,964.85
2026-08-14 14:15:36.649,381.393,383712,955.87,-8.98,964.85
2026-08-14 14:15:36.650,381.393,383812,955.92,-8.93,964.85
2026-08-14 14:15:36.854,381.597,383912,955.9,-8.95,964.85
2026-08-14 14:15:36.854,381.598,384012,955.77,-9.08,964.85
2026-08-14 14:15:37.055,381.798,384112,955.92,-8.93,964.85
2026-08-14 14:15:37.055,381.798,384212,955.9,-8.95,964.85
2026-08-14 14:15:37.256,382.0,384312,955.97,-8.88,964.85
2026-08-14 14:15:37.256,382.0,384412,955.83,-9.02,964.85
2026-08-14 14:15:37.464,382.207,384513,955.93,-8.92,964.85
2026-08-14 14:15:37.464,382.207,384612,955.85,-9.0,964.85
2026-08-14 14:15:37.672,382.416,384712,955.92,-8.93,964.85
2026-08-14 14:15:37.672,382.416,384813,955.92,-8.93,964.85
2026-08-14 14:15:37.880,382.624,384912,955.94,-8.91,964.85
2026-08-14 14:15:37.881,382.624,385012,955.91,-8.94,964.85
2026-08-14 14:15:37.881,382.624,385113,955.88,-8.97,964.85
2026-08-14 14:15:38.099,382.843,385212,955.88,-8.97,964.85
2026-08-14 14:15:38.099,382.843,385312,955.92,-8.93,964.85
2026-08-14 14:15:38.308,383.052,385413,955.83,-9.02,964.85
2026-08-14 14:15:38.308,383.052,385512,955.93,-8.92,964.85
2026-08-14 14:15:38.517,383.26,385612,955.9,-8.95,964.85
2026-08-14 14:15:38.517,383.26,385713,955.88,-8.97,964.85
2026-08-14 14:15:38.723,383.467,385812,955.83,-9.02,964.85
2026-08-14 14:15:38.724,383.467,385912,955.89,-8.96,964.85
2026-08-14 14:15:38.933,383.676,386012,955.9,-8.95,964.85
2026-08-14 14:15:38.933,383.676,386112,955.92,-8.93,964.85
2026-08-14 14:15:39.140,383.884,386212,955.91,-8.94,964.85
2026-08-14 14:15:39.140,383.884,386312,955.79,-9.06,964.85
2026-08-14 14:15:39.343,384.086,386412,955.92,-8.93,964.85
2026-08-14 14:15:39.343,384.086,386512,955.89,-8.96,964.85
2026-08-14 14:15:39.550,384.293,386612,955.97,-8.88,964.85
2026-08-14 14:15:39.550,384.293,386712,955.96,-8.89,964.85
2026-08-14 14:15:39.758,384.501,386812,955.87,-8.98,964.85
2026-08-14 14:15:39.758,384.502,386912,955.93,-8.92,964.85
2026-08-14 14:15:39.965,384.709,387012,955.95,-8.9,964.85
2026-08-14 14:15:39.965,384.709,387112,955.85,-9.0,964.85
2026-08-14 14:15:40.190,384.933,387212,955.81,-9.04,964.85
2026-08-14 14:15:40.190,384.934,387312,956.5,-8.35,964.85
2026-08-14 14:15:40.190,384.934,387412,955.84,-9.01,964.85
2026-08-14 14:15:40.393,385.137,387512,955.82,-9.03,964.85
2026-08-14 14:15:40.394,385.137,387612,956.02,-8.83,964.85
2026-08-14 14:15:40.601,385.344,387713,956.12,-8.73,964.85
2026-08-14 14:15:40.601,385.344,387812,955.89,-8.96,964.85
2026-08-14 14:15:40.809,385.553,387912,955.9,-8.95,964.85
2026-08-14 14:15:40.810,385.553,388013,955.87,-8.98,964.85
2026-08-14 14:15:41.017,385.761,388112,956.0,-8.85,964.85
2026-08-14 14:15:41.017,385.761,388212,955.96,-8.89,964.85
2026-08-14 14:15:41.224,385.967,388313,955.92,-8.93,964.85
2026-08-14 14:15:41.229,385.972,388412,955.89,-8.96,964.85
2026-08-14 14:15:41.431,386.175,388512,955.94,-8.91,964.85
2026-08-14 14:15:41.432,386.176,388613,955.92,-8.93,964.85
2026-08-14 14:15:41.633,386.376,388712,955.98,-8.87,964.85
2026-08-14 14:15:41.633,386.376,388812,955.85,-9.0,964.85
2026-08-14 14:15:41.847,386.59,388913,956.04,-8.81,964.85
2026-08-14 14:15:41.847,386.591,389012,955.93,-8.92,964.85
2026-08-14 14:15:42.055,386.799,389112,955.8,-9.05,964.85
2026-08-14 14:15:42.055,386.799,389212,955.99,-8.86,964.85
2026-08-14 14:15:42.263,387.007,389312,955.98,-8.87,964.85
2026-08-14 14:15:42.264,387.007,389412,956.05,-8.8,964.85
2026-08-14 14:15:42.477,387.221,389512,955.9,-8.95,964.85
2026-08-14 14:15:42.477,387.221,389612,955.85,-9.0,964.85
2026-08-14 14:15:42.684,387.428,389712,956.01,-8.84,964.85
2026-08-14 14:15:42.684,387.428,389812,955.91,-8.94,964.85
2026-08-14 14:15:42.685,387.428,389912,956.07,-8.78,964.85
2026-08-14 14:15:42.889,387.633,390012,955.82,-9.03,964.85
2026-08-14 14:15:42.890,387.633,390112,956.04,-8.81,964.85
2026-08-14 14:15:43.096,387.839,390212,956.04,-8.81,964.85
2026-08-14 14:15:43.096,387.84,390312,955.93,-8.92,964.85
2026-08-14 14:15:43.300,388.044,390412,955.86,-8.99,964.85
2026-08-14 14:15:43.300,388.044,390512,955.98,-8.87,964.85
2026-08-14 14:15:43.501,388.245,390612,956.02,-8.83,964.85
2026-08-14 14:15:43.501,388.245,390712,955.98,-8.87,964.85
2026-08-14 14:15:43.715,388.458,390812,955.98,-8.87,964.85
2026-08-14 14:15:43.715,388.458,390913,956.02,-8.83,964.85
2026-08-14 14:15:43.924,388.668,391012,955.96,-8.89,964.85
2026-08-14 14:15:43.924,388.668,391112,955.89,-8.96,964.85
2026-08-14 14:15:44.131,388.875,391213,956.06,-8.79,964.85
2026-08-14 14:15:44.131,388.875,391312,955.98,-8.87,964.85
2026-08-14 14:15:44.339,389.083,391412,955.9,-8.95,964.85
2026-08-14 14:15:44.340,389.083,391513,956.01,-8.84,964.85
2026-08-14 14:15:44.546,389.29,391612,956.0,-8.85,964.85
2026-08-14 14:15:44.547,389.29,391712,955.95,-8.9,964.85
2026-08-14 14:15:44.754,389.497,391813,955.98,-8.87,964.85
2026-08-14 14:15:44.754,389.497,391912,956.03,-8.82,964.85
2026-08-14 14:15:44.967,389.71,392012,955.99,-8.86,964.85
2026-08-14 14:15:44.967,389.711,392113,955.94,-8.91,964.85
2026-08-14 14:15:45.169,389.912,392212,956.02,-8.83,964.85
2026-08-14 14:15:45.169,389.913,392312,956.07,-8.78,964.85
2026-08-14 14:15:45.370,390.113,392412,955.99,-8.86,964.85
2026-08-14 14:15:45.371,390.114,392512,955.96,-8.89,964.85
2026-08-14 14:15:45.585,390.328,392612,955.99,-8.86,964.85
2026-08-14 14:15:45.585,390.329,392712,955.98,-8.87,964.85
2026-08-14 14:15:45.585,390.329,392812,956.03,-8.82,964.85
2026-08-14 14:15:45.789,390.532,392912,956.09,-8.76,964.85
2026-08-14 14:15:45.789,390.532,393012,956.07,-8.78,964.85
2026-08-14 14:15:45.993,390.736,393112,956.06,-8.79,964.85
2026-08-14 14:15:45.993,390.737,393212,956.01,-8.84,964.85
2026-08-14 14:15:46.199,390.943,393312,956.03,-8.82,964.85
2026-08-14 14:15:46.199,390.943,393412,956.02,-8.83,964.85
2026-08-14 14:15:46.404,391.148,393512,956.04,-8.81,964.85
2026-08-14 14:15:46.405,391.148,393612,955.86,-8.99,964.85
2026-08-14 14:15:46.612,391.355,393712,956.08,-8.77,964.85
2026-08-14 14:15:46.612,391.356,393812,956.1,-8.75,964.85
2026-08-14 14:15:46.816,391.56,393912,956.07,-8.78,964.85
2026-08-14 14:15:46.816,391.56,394012,956.04,-8.81,964.85
2026-08-14 14:15:47.023,391.767,394113,955.98,-8.87,964.85
2026-08-14 14:15:47.024,391.767,394212,956.04,-8.81,964.85
2026-08-14 14:15:47.229,391.972,394312,955.97,-8.88,964.85
2026-08-14 14:15:47.229,391.973,394413,956.11,-8.74,964.85
2026-08-14 14:15:47.434,392.178,394512,956.13,-8.72,964.85
2026-08-14 14:15:47.435,392.178,394612,956.07,-8.78,964.85
2026-08-14 14:15:47.646,392.389,394713,956.12,-8.73,964.85
2026-08-14 14:15:47.646,392.389,394812,956.03,-8.82,964.85
2026-08-14 14:15:47.851,392.594,394912,956.16,-8.69,964.85
2026-08-14 14:15:47.851,392.595,395013,956.09,-8.76,964.85
2026-08-14 14:15:48.056,392.8,395112,955.97,-8.88,964.85
2026-08-14 14:15:48.056,392.8,395212,956.09,-8.76,964.85
2026-08-14 14:15:48.261,393.004,395313,956.16,-8.69,964.85
2026-08-14 14:15:48.261,393.004,395412,956.11,-8.74,964.85
2026-08-14 14:15:48.468,393.212,395512,955.75,-9.1,964.85
2026-08-14 14:15:48.469,393.213,395612,955.78,-9.07,964.85
2026-08-14 14:15:48.682,393.425,395712,955.82,-9.03,964.85
2026-08-14 14:15:48.682,393.425,395812,956.03,-8.82,964.85
2026-08-14 14:15:48.684,393.428,395912,956.13,-8.72,964.85
2026-08-14 14:15:48.888,393.631,396012,956.14,-8.71,964.85
2026-08-14 14:15:48.888,393.632,396112,956.1,-8.75,964.85
2026-08-14 14:15:49.104,393.847,396212,956.04,-8.81,964.85
2026-08-14 14:15:49.105,393.848,396312,956.12,-8.73,964.85
2026-08-14 14:15:49.306,394.05,396412,956.0,-8.85,964.85
2026-08-14 14:15:49.306,394.05,396512,955.98,-8.87,964.85
2026-08-14 14:15:49.514,394.258,396612,956.09,-8.76,964.85
2026-08-14 14:15:49.517,394.26,396712,956.05,-8.8,964.85
2026-08-14 14:15:49.718,394.461,396812,956.15,-8.7,964.85
2026-08-14 14:15:49.718,394.461,396912,956.03,-8.82,964.85
2026-08-14 14:15:49.926,394.67,397012,956.14,-8.71,964.85
2026-08-14 14:15:49.926,394.67,397112,956.1,-8.75,964.85
2026-08-14 14:15:50.134,394.877,397212,955.97,-8.88,964.85
2026-08-14 14:15:50.134,394.877,397313,956.06,-8.79,964.85
2026-08-14 14:15:50.342,395.085,397412,956.15,-8.7,964.85
2026-08-14 14:15:50.342,395.085,397512,956.04,-8.81,964.85
2026-08-14 14:15:50.548,395.292,397613,955.95,-8.9,964.85
2026-08-14 14:15:50.549,395.293,397712,956.01,-8.84,964.85
2026-08-14 14:15:50.752,395.495,397812,956.08,-8.77,964.85
2026-08-14 14:15:50.752,395.496,397913,956.09,-8.76,964.85
2026-08-14 14:15:50.960,395.703,398012,956.12,-8.73,964.85
2026-08-14 14:15:50.960,395.703,398112,956.12,-8.73,964.85
2026-08-14 14:15:51.167,395.911,398213,956.13,-8.72,964.85
2026-08-14 14:15:51.168,395.911,398312,956.12,-8.73,964.85
2026-08-14 14:15:51.376,396.12,398412,956.09,-8.76,964.85
2026-08-14 14:15:51.377,396.12,398513,956.04,-8.81,964.85
2026-08-14 14:15:51.584,396.327,398612,956.14,-8.71,964.85
2026-08-14 14:15:51.584,396.328,398712,956.11,-8.74,964.85
2026-08-14 14:15:51.585,396.328,398812,956.2,-8.65,964.85
2026-08-14 14:15:51.785,396.529,398912,956.08,-8.77,964.85
2026-08-14 14:15:51.786,396.529,399012,956.08,-8.77,964.85
2026-08-14 14:15:51.994,396.738,399112,955.97,-8.88,964.85
2026-08-14 14:15:51.994,396.738,399212,956.13,-8.72,964.85
2026-08-14 14:15:52.202,396.945,399312,956.18,-8.67,964.85
2026-08-14 14:15:52.202,396.946,399412,956.2,-8.65,964.85
2026-08-14 14:15:52.410,397.154,399512,956.11,-8.74,964.85
2026-08-14 14:15:52.410,397.154,399612,956.16,-8.69,964.85
2026-08-14 14:15:52.619,397.362,399712,956.08,-8.77,964.85
2026-08-14 14:15:52.619,397.363,399812,956.12,-8.73,964.85
2026-08-14 14:15:52.834,397.578,399912,956.09,-8.76,964.85
2026-08-14 14:15:52.835,397.578,400012,956.14,-8.71,964.85
2026-08-14 14:15:53.041,397.784,400112,956.05,-8.8,964.85
2026-08-14 14:15:53.041,397.784,400212,956.1,-8.75,964.85
2026-08-14 14:15:53.249,397.992,400312,956.18,-8.67,964.85
2026-08-14 14:15:53.249,397.993,400412,956.03,-8.82,964.85
2026-08-14 14:15:53.456,398.2,400513,956.11,-8.74,964.85
2026-08-14 14:15:53.456,398.2,400612,956.1,-8.75,964.85
2026-08-14 14:15:53.657,398.401,400712,956.0,-8.85,964.85
2026-08-14 14:15:53.658,398.401,400813,956.07,-8.78,964.85
2026-08-14 14:15:53.868,398.611,400912,956.1,-8.75,964.85
2026-08-14 14:15:53.868,398.612,401012,956.12,-8.73,964.85
2026-08-14 14:15:54.073,398.817,401113,956.1,-8.75,964.85
2026-08-14 14:15:54.073,398.817,401212,956.17,-8.68,964.85
2026-08-14 14:15:54.277,399.021,401312,956.07,-8.78,964.85
2026-08-14 14:15:54.278,399.021,401413,956.06,-8.79,964.85
2026-08-14 14:15:54.483,399.226,401512,956.2,-8.65,964.85
2026-08-14 14:15:54.483,399.226,401612,956.07,-8.78,964.85
2026-08-14 14:15:54.687,399.431,401713,956.09,-8.76,964.85
2026-08-14 14:15:54.688,399.431,401812,956.17,-8.68,964.85
2026-08-14 14:15:54.688,399.431,401912,956.09,-8.76,964.85
2026-08-14 14:15:54.888,399.632,402012,956.12,-8.73,964.85
2026-08-14 14:15:54.888,399.632,402112,956.19,-8.66,964.85
2026-08-14 14:15:55.095,399.839,402212,956.07,-8.78,964.85
2026-08-14 14:15:55.096,399.839,402312,956.09,-8.76,964.85
2026-08-14 14:15:55.302,400.046,402412,956.12,-8.73,964.85
2026-08-14 14:15:55.302,400.046,402512,956.18,-8.67,964.85
2026-08-14 14:15:55.508,400.252,402612,956.18,-8.67,964.85
2026-08-14 14:15:55.509,400.252,402712,956.07,-8.78,964.85
2026-08-14 14:15:55.715,400.459,402812,956.07,-8.78,964.85
2026-08-14 14:15:55.715,400.459,402912,956.16,-8.69,964.85
2026-08-14 14:15:55.921,400.664,403012,956.16,-8.69,964.85
2026-08-14 14:15:55.921,400.664,403112,956.1,-8.75,964.85
2026-08-14 14:15:56.125,400.868,403212,956.04,-8.81,964.85
2026-08-14 14:15:56.125,400.869,403312,956.09,-8.76,964.85
2026-08-14 14:15:56.329,401.073,403412,956.04,-8.81,964.85
2026-08-14 14:15:56.330,401.073,403512,956.12,-8.73,964.85
2026-08-14 14:15:56.534,401.277,403612,956.17,-8.68,964.85
2026-08-14 14:15:56.534,401.278,403713,956.13,-8.72,964.85
2026-08-14 14:15:56.741,401.484,403812,956.13,-8.72,964.85
2026-08-14 14:15:56.741,401.484,403912,956.18,-8.67,964.85
2026-08-14 14:15:56.957,401.7,404013,956.17,-8.68,964.85
2026-08-14 14:15:56.957,401.7,404112,956.09,-8.76,964.85
2026-08-14 14:15:57.166,401.909,404212,956.08,-8.77,964.85
2026-08-14 14:15:57.166,401.91,404313,956.18,-8.67,964.85
2026-08-14 14:15:57.373,402.117,404412,956.08,-8.77,964.85
2026-08-14 14:15:57.373,402.117,404512,956.04,-8.81,964.85
2026-08-14 14:15:57.579,402.322,404613,956.05,-8.8,964.85
2026-08-14 14:15:57.579,402.322,404712,956.14,-8.71,964.85
2026-08-14 14:15:57.787,402.53,404812,956.1,-8.75,964.85
2026-08-14 14:15:57.788,402.531,404913,956.09,-8.76,964.85
2026-08-14 14:15:57.788,402.531,405012,956.15,-8.7,964.85
2026-08-14 14:15:57.991,402.734,405112,956.14,-8.71,964.85
2026-08-14 14:15:57.991,402.734,405212,956.07,-8.78,964.85
2026-08-14 14:15:58.197,402.941,405312,956.14,-8.71,964.85
2026-08-14 14:15:58.198,402.941,405412,956.17,-8.68,964.85
2026-08-14 14:15:58.405,403.149,405512,956.06,-8.79,964.85
2026-08-14 14:15:58.406,403.149,405612,956.04,-8.81,964.85
2026-08-14 14:15:58.612,403.355,405712,956.11,-8.74,964.85
2026-08-14 14:15:58.612,403.355,405812,956.09,-8.76,964.85
2026-08-14 14:15:58.820,403.563,405912,956.12,-8.73,964.85
2026-08-14 14:15:58.821,403.565,406012,956.14,-8.71,964.85
2026-08-14 14:15:59.026,403.769,406112,956.17,-8.68,964.85
2026-08-14 14:15:59.026,403.769,406212,956.18,-8.67,964.85
2026-08-14 14:15:59.233,403.977,406312,956.1,-8.75,964.85
2026-08-14 14:15:59.233,403.977,406412,956.16,-8.69,964.85
2026-08-14 14:15:59.440,404.183,406512,956.06,-8.79,964.85
2026-08-14 14:15:59.440,404.183,406612,956.07,-8.78,964.85
2026-08-14 14:15:59.648,404.391,406712,956.11,-8.74,964.85
2026-08-14 14:15:59.648,404.391,406812,956.17,-8.68,964.85
2026-08-14 14:15:59.854,404.598,406913,956.02,-8.83,964.85
2026-08-14 14:15:59.855,404.598,407012,956.01,-8.84,964.85
2026-08-14 14:16:00.058,404.802,407112,956.1,-8.75,964.85
2026-08-14 14:16:00.058,404.802,407213,956.11,-8.74,964.85
2026-08-14 14:16:00.266,405.009,407312,956.13,-8.72,964.85
2026-08-14 14:16:00.266,405.009,407412,956.19,-8.66,964.85
2026-08-14 14:16:00.473,405.216,407513,956.11,-8.74,964.85
2026-08-14 14:16:00.473,405.216,407612,955.94,-8.91,964.85
2026-08-14 14:16:00.680,405.424,407712,956.0,-8.85,964.85
2026-08-14 14:16:00.680,405.424,407813,956.05,-8.8,964.85
2026-08-14 14:16:00.886,405.629,407912,956.08,-8.77,964.85
2026-08-14 14:16:00.886,405.63,408012,956.18,-8.67,964.85
2026-08-14 14:16:00.886,405.63,408113,956.03,-8.82,964.85
2026-08-14 14:16:01.092,405.835,408212,956.05,-8.8,964.85
2026-08-14 14:16:01.092,405.836,408312,955.99,-8.86,964.85
2026-08-14 14:16:01.298,406.042,408412,956.18,-8.67,964.85
2026-08-14 14:16:01.298,406.042,408512,956.14,-8.71,964.85
2026-08-14 14:16:01.505,406.248,408612,956.1,-8.75,964.85
2026-08-14 14:16:01.505,406.249,408712,956.09,-8.76,964.85
2026-08-14 14:16:01.711,406.454,408812,955.98,-8.87,964.85
2026-08-14 14:16:01.711,406.455,408912,956.02,-8.83,964.85
2026-08-14 14:16:01.919,406.663,409012,956.06,-8.79,964.85
2026-08-14 14:16:01.921,406.664,409112,956.05,-8.8,964.85
2026-08-14 14:16:02.127,406.871,409212,955.99,-8.86,964.85
2026-08-14 14:16:02.128,406.871,409312,956.1,-8.75,964.85
2026-08-14 14:16:02.335,407.078,409412,956.09,-8.76,964.85
2026-08-14 14:16:02.335,407.078,409512,956.09,-8.76,964.85
2026-08-14 14:16:02.542,407.286,409612,956.0,-8.85,964.85
2026-08-14 14:16:02.542,407.286,409712,956.01,-8.84,964.85
2026-08-14 14:16:02.750,407.494,409812,956.01,-8.84,964.85
2026-08-14 14:16:02.750,407.494,409912,955.99,-8.86,964.85
2026-08-14 14:16:02.958,407.702,410012,956.13,-8.72,964.85
2026-08-14 14:16:02.959,407.702,410113,956.06,-8.79,964.85
2026-08-14 14:16:03.161,407.905,410212,956.01,-8.84,964.85
2026-08-14 14:16:03.161,407.905,410312,956.15,-8.7,964.85
2026-08-14 14:16:03.367,408.111,410413,956.21,-8.64,964.85
2026-08-14 14:16:03.368,408.111,410512,956.14,-8.71,964.85
2026-08-14 14:16:03.576,408.319,410612,956.15,-8.7,964.85
2026-08-14 14:16:03.576,408.319,410713,956.2,-8.65,964.85
2026-08-14 14:16:03.783,408.527,410812,956.19,-8.66,964.85
2026-08-14 14:16:03.783,408.527,410912,956.11,-8.74,964.85
2026-08-14 14:16:03.991,408.735,411013,956.17,-8.68,964.85
2026-08-14 14:16:03.992,408.735,411112,956.12,-8.73,964.85
2026-08-14 14:16:03.992,408.735,411212,956.07,-8.78,964.85
2026-08-14 14:16:04.198,408.941,411313,956.04,-8.81,964.85
2026-08-14 14:16:04.198,408.941,411412,956.16,-8.69,964.85
2026-08-14 14:16:04.405,409.149,411512,956.19,-8.66,964.85
2026-08-14 14:16:04.406,409.149,411612,956.12,-8.73,964.85
2026-08-14 14:16:04.613,409.356,411712,956.21,-8.64,964.85
2026-08-14 14:16:04.613,409.356,411812,956.1,-8.75,964.85
2026-08-14 14:16:04.820,409.564,411912,956.09,-8.76,964.85
2026-08-14 14:16:04.820,409.564,412012,956.17,-8.68,964.85
2026-08-14 14:16:05.027,409.771,412112,956.2,-8.65,964.85
2026-08-14 14:16:05.029,409.772,412212,956.11,-8.74,964.85
2026-08-14 14:16:05.231,409.974,412312,956.13,-8.72,964.85
2026-08-14 14:16:05.231,409.975,412412,956.13,-8.72,964.85
2026-08-14 14:16:05.438,410.182,412512,956.08,-8.77,964.85
2026-08-14 14:16:05.438,410.182,412612,956.12,-8.73,964.85
2026-08-14 14:16:05.647,410.39,412712,956.18,-8.67,964.85
2026-08-14 14:16:05.647,410.39,412812,956.19,-8.66,964.85
2026-08-14 14:16:05.854,410.598,412912,956.12,-8.73,964.85
2026-08-14 14:16:05.854,410.598,413012,956.21,-8.64,964.85
2026-08-14 14:16:06.062,410.805,413112,956.12,-8.73,964.85
2026-08-14 14:16:06.065,410.808,413212,956.13,-8.72,964.85
2026-08-14 14:16:06.265,411.009,413313,956.18,-8.67,964.85
2026-08-14 14:16:06.266,411.009,413412,956.13,-8.72,964.85
2026-08-14 14:16:06.472,411.216,413512,956.09,-8.76,964.85
2026-08-14 14:16:06.472,411.216,413613,956.02,-8.83,964.85
2026-08-14 14:16:06.681,411.424,413712,956.09,-8.76,964.85
2026-08-14 14:16:06.681,411.424,413812,956.06,-8.79,964.85
2026-08-14 14:16:06.889,411.632,413913,956.13,-8.72,964.85
2026-08-14 14:16:06.889,411.632,414012,956.18,-8.67,964.85
2026-08-14 14:16:06.889,411.633,414112,956.18,-8.67,964.85
2026-08-14 14:16:07.097,411.84,414213,956.07,-8.78,964.85
2026-08-14 14:16:07.098,411.841,414312,956.21,-8.64,964.85
2026-08-14 14:16:07.306,412.049,414412,956.19,-8.66,964.85
2026-08-14 14:16:07.306,412.05,414513,956.14,-8.71,964.85
2026-08-14 14:16:07.510,412.254,414612,956.13,-8.72,964.85
2026-08-14 14:16:07.511,412.254,414712,956.23,-8.62,964.85
2026-08-14 14:16:07.717,412.46,414812,956.16,-8.69,964.85
2026-08-14 14:16:07.717,412.461,414912,956.21,-8.64,964.85
2026-08-14 14:16:07.918,412.662,415012,956.13,-8.72,964.85
2026-08-14 14:16:07.918,412.662,415112,956.11,-8.74,964.85
2026-08-14 14:16:08.120,412.863,415212,956.11,-8.74,964.85
2026-08-14 14:16:08.120,412.864,415312,956.08,-8.77,964.85
2026-08-14 14:16:08.334,413.077,415412,956.14,-8.71,964.85
2026-08-14 14:16:08.334,413.077,415512,956.11,-8.74,964.85
2026-08-14 14:16:08.540,413.284,415612,956.14,-8.71,964.85
2026-08-14 14:16:08.540,413.284,415712,956.13,-8.72,964.85
2026-08-14 14:16:08.746,413.489,415812,956.18,-8.67,964.85
2026-08-14 14:16:08.746,413.49,415912,956.23,-8.62,964.85
2026-08-14 14:16:08.952,413.695,416012,956.14,-8.71,964.85
2026-08-14 14:16:08.952,413.695,416112,956.15,-8.7,964.85
2026-08-14 14:16:09.161,413.904,416212,956.2,-8.65,964.85
2026-08-14 14:16:09.161,413.905,416312,956.14,-8.71,964.85
2026-08-14 14:16:09.365,414.109,416412,956.17,-8.68,964.85
2026-08-14 14:16:09.366,414.109,416513,956.22,-8.63,964.85
2026-08-14 14:16:09.571,414.314,416612,956.15,-8.7,964.85
2026-08-14 14:16:09.571,414.314,416712,956.14,-8.71,964.85
2026-08-14 14:16:09.783,414.527,416813,956.22,-8.63,964.85
2026-08-14 14:16:09.784,414.527,416912,956.16,-8.69,964.85
2026-08-14 14:16:09.984,414.728,417012,956.06,-8.79,964.85
2026-08-14 14:16:09.984,414.728,417113,956.14,-8.71,964.85
2026-08-14 14:16:10.190,414.933,417212,956.15,-8.7,964.85
2026-08-14 14:16:10.190,414.934,417312,956.22,-8.63,964.85
2026-08-14 14:16:10.190,414.934,417413,956.23,-8.62,964.85
2026-08-14 14:16:10.400,415.143,417512,956.18,-8.67,964.85
2026-08-14 14:16:10.400,415.143,417612,956.15,-8.7,964.85
2026-08-14 14:16:10.607,415.351,417713,956.16,-8.69,964.85
2026-08-14 14:16:10.608,415.351,417812,956.21,-8.64,964.85
2026-08-14 14:16:10.813,415.556,417912,956.15,-8.7,964.85
2026-08-14 14:16:10.813,415.557,418012,956.21,-8.64,964.85
2026-08-14 14:16:11.022,415.765,418112,956.13,-8.72,964.85
2026-08-14 14:16:11.022,415.765,418212,956.24,-8.61,964.85
2026-08-14 14:16:11.229,415.973,418312,956.25,-8.6,964.85
2026-08-14 14:16:11.230,415.973,418412,956.2,-8.65,964.85
2026-08-14 14:16:11.435,416.178,418512,956.08,-8.77,964.85
2026-08-14 14:16:11.435,416.179,418612,956.18,-8.67,964.85
2026-08-14 14:16:11.642,416.386,418712,956.21,-8.64,964.85
2026-08-14 14:16:11.643,416.386,418812,956.16,-8.69,964.85
2026-08-14 14:16:11.851,416.594,418912,956.11,-8.74,964.85
2026-08-14 14:16:11.851,416.594,419012,956.17,-8.68,964.85
2026-08-14 14:16:12.058,416.801,419112,956.12,-8.73,964.85
2026-08-14 14:16:12.058,416.801,419212,956.23,-8.62,964.85
2026-08-14 14:16:12.266,417.01,419312,956.15,-8.7,964.85
2026-08-14 14:16:12.268,417.012,419412,956.17,-8.68,964.85
2026-08-14 14:16:12.470,417.213,419512,956.27,-8.58,964.85
2026-08-14 14:16:12.470,417.213,419612,956.21,-8.64,964.85
2026-08-14 14:16:12.678,417.421,419713,956.14,-8.71,964.85
2026-08-14 14:16:12.678,417.421,419812,956.16,-8.69,964.85
2026-08-14 14:16:12.886,417.63,419912,956.2,-8.65,964.85
2026-08-14 14:16:12.886,417.63,420013,956.18,-8.67,964.85
2026-08-14 14:16:12.887,417.63,420112,956.17,-8.68,964.85
2026-08-14 14:16:13.093,417.836,420212,956.2,-8.65,964.85
2026-08-14 14:16:13.093,417.837,420313,956.22,-8.63,964.85
2026-08-14 14:16:13.301,418.044,420412,956.04,-8.81,964.85
2026-08-14 14:16:13.301,418.045,420512,956.18,-8.67,964.85
2026-08-14 14:16:13.504,418.248,420613,956.04,-8.81,964.85
2026-08-14 14:16:13.504,418.248,420712,956.18,-8.67,964.85
2026-08-14 14:16:13.712,418.455,420812,956.01,-8.84,964.85
2026-08-14 14:16:13.712,418.455,420913,956.15,-8.7,964.85
2026-08-14 14:16:13.919,418.663,421012,956.09,-8.76,964.85
2026-08-14 14:16:13.920,418.663,421112,956.06,-8.79,964.85
2026-08-14 14:16:14.129,418.872,421212,956.04,-8.81,964.85
2026-08-14 14:16:14.129,418.873,421312,956.08,-8.77,964.85
2026-08-14 14:16:14.336,419.08,421412,956.04,-8.81,964.85
2026-08-14 14:16:14.337,419.08,421512,956.06,-8.79,964.85
2026-08-14 14:16:14.538,419.282,421612,955.96,-8.89,964.85
2026-08-14 14:16:14.538,419.282,421712,956.13,-8.72,964.85
2026-08-14 14:16:14.747,419.49,421812,956.08,-8.77,964.85
2026-08-14 14:16:14.747,419.49,421912,956.06,-8.79,964.85
2026-08-14 14:16:14.955,419.699,422012,956.07,-8.78,964.85
2026-08-14 14:16:14.955,419.699,422112,956.17,-8.68,964.85
2026-08-14 14:16:15.164,419.907,422212,956.15,-8.7,964.85
2026-08-14 14:16:15.164,419.908,422312,956.1,-8.75,964.85
2026-08-14 14:16:15.372,420.115,422412,956.09,-8.76,964.85
2026-08-14 14:16:15.372,420.116,422512,956.13,-8.72,964.85
2026-08-14 14:16:15.573,420.316,422612,956.06,-8.79,964.85
2026-08-14 14:16:15.573,420.316,422712,956.03,-8.82,964.85
2026-08-14 14:16:15.781,420.524,422812,956.21,-8.64,964.85
2026-08-14 14:16:15.781,420.525,422913,956.16,-8.69,964.85
2026-08-14 14:16:15.988,420.732,423012,956.24,-8.61,964.85
2026-08-14 14:16:15.988,420.732,423112,956.17,-8.68,964.85
2026-08-14 14:16:15.991,420.735,423213,956.15,-8.7,964.85
2026-08-14 14:16:16.197,420.94,423312,956.25,-8.6,964.85
2026-08-14 14:16:16.197,420.94,423412,956.12,-8.73,964.85
2026-08-14 14:16:16.403,421.147,423513,956.15,-8.7,964.85
2026-08-14 14:16:16.404,421.147,423612,956.16,-8.69,964.85
2026-08-14 14:16:16.610,421.354,423712,956.26,-8.59,964.85
2026-08-14 14:16:16.610,421.354,423813,956.28,-8.57,964.85
2026-08-14 14:16:16.811,421.555,423912,956.15,-8.7,964.85
2026-08-14 14:16:16.811,421.555,424012,956.21,-8.64,964.85
2026-08-14 14:16:17.024,421.767,424113,956.18,-8.67,964.85
2026-08-14 14:16:17.024,421.768,424212,956.17,-8.68,964.85
2026-08-14 14:16:17.232,421.976,424312,956.22,-8.63,964.85
2026-08-14 14:16:17.232,421.976,424412,956.23,-8.62,964.85
2026-08-14 14:16:17.440,422.183,424512,956.18,-8.67,964.85
2026-08-14 14:16:17.440,422.184,424612,956.29,-8.56,964.85
2026-08-14 14:16:17.641,422.384,424712,956.26,-8.59,964.85
2026-08-14 14:16:17.641,422.384,424812,956.21,-8.64,964.85
2026-08-14 14:16:17.848,422.592,424912,956.23,-8.62,964.85
2026-08-14 14:16:17.848,422.592,425012,956.18,-8.67,964.85
2026-08-14 14:16:18.056,422.8,425112,956.21,-8.64,964.85
2026-08-14 14:16:18.056,422.8,425212,956.2,-8.65,964.85
2026-08-14 14:16:18.264,423.008,425312,956.35,-8.5,964.85
2026-08-14 14:16:18.264,423.008,425412,956.25,-8.6,964.85
2026-08-14 14:16:18.472,423.216,425512,956.29,-8.56,964.85
2026-08-14 14:16:18.473,423.216,425612,956.19,-8.66,964.85
2026-08-14 14:16:18.674,423.418,425712,956.29,-8.56,964.85
2026-08-14 14:16:18.674,423.418,425812,956.2,-8.65,964.85
2026-08-14 14:16:18.883,423.626,425912,956.25,-8.6,964.85
2026-08-14 14:16:18.883,423.626,426012,956.25,-8.6,964.85
2026-08-14 14:16:19.090,423.834,426113,956.25,-8.6,964.85
2026-08-14 14:16:19.090,423.834,426212,956.13,-8.72,964.85
2026-08-14 14:16:19.091,423.835,426312,956.25,-8.6,964.85
2026-08-14 14:16:19.298,424.041,426413,956.15,-8.7,964.85
2026-08-14 14:16:19.298,424.041,426512,956.19,-8.66,964.85
2026-08-14 14:16:19.505,424.248,426612,956.25,-8.6,964.85
2026-08-14 14:16:19.505,424.249,426713,956.1,-8.75,964.85
2026-08-14 14:16:19.710,424.454,426812,956.17,-8.68,964.85
2026-08-14 14:16:19.711,424.454,426912,956.17,-8.68,964.85
2026-08-14 14:16:19.918,424.662,427013,956.22,-8.63,964.85
2026-08-14 14:16:19.919,424.662,427112,956.29,-8.56,964.85
2026-08-14 14:16:20.127,424.87,427212,956.21,-8.64,964.85
2026-08-14 14:16:20.127,424.871,427313,956.2,-8.65,964.85
2026-08-14 14:16:20.334,425.078,427412,956.19,-8.66,964.85
2026-08-14 14:16:20.334,425.078,427512,956.12,-8.73,964.85
2026-08-14 14:16:20.541,425.285,427612,956.19,-8.66,964.85
2026-08-14 14:16:20.542,425.285,427712,956.08,-8.77,964.85
2026-08-14 14:16:20.744,425.487,427812,956.27,-8.58,964.85
2026-08-14 14:16:20.744,425.487,427912,956.24,-8.61,964.85
2026-08-14 14:16:20.952,425.695,428012,956.22,-8.63,964.85
2026-08-14 14:16:20.952,425.695,428112,956.23,-8.62,964.85
2026-08-14 14:16:21.159,425.902,428212,956.19,-8.66,964.85
2026-08-14 14:16:21.159,425.902,428312,956.25,-8.6,964.85
2026-08-14 14:16:21.366,426.109,428412,956.21,-8.64,964.85
2026-08-14 14:16:21.366,426.109,428512,956.2,-8.65,964.85
2026-08-14 14:16:21.573,426.316,428612,956.25,-8.6,964.85
2026-08-14 14:16:21.573,426.316,428712,956.31,-8.54,964.85
2026-08-14 14:16:21.775,426.518,428812,956.11,-8.74,964.85
2026-08-14 14:16:21.775,426.519,428912,956.16,-8.69,964.85
2026-08-14 14:16:21.982,426.725,429012,956.08,-8.77,964.85
2026-08-14 14:16:21.982,426.726,429112,956.21,-8.64,964.85
2026-08-14 14:16:22.189,426.933,429212,956.18,-8.67,964.85
2026-08-14 14:16:22.190,426.933,429313,956.26,-8.59,964.85
2026-08-14 14:16:22.192,426.936,429412,956.14,-8.71,964.85
2026-08-14 14:16:22.397,427.141,429512,956.17,-8.68,964.85
2026-08-14 14:16:22.398,427.141,429613,956.27,-8.58,964.85
2026-08-14 14:16:22.615,427.359,429712,956.22,-8.63,964.85
2026-08-14 14:16:22.616,427.359,429812,956.13,-8.72,964.85
2026-08-14 14:16:22.827,427.571,429913,956.17,-8.68,964.85
2026-08-14 14:16:22.827,427.571,430012,956.09,-8.76,964.85
2026-08-14 14:16:23.035,427.778,430112,956.1,-8.75,964.85
2026-08-14 14:16:23.035,427.779,430213,956.22,-8.63,964.85
2026-08-14 14:16:23.243,427.986,430312,956.27,-8.58,964.85
2026-08-14 14:16:23.243,427.987,430412,956.22,-8.63,964.85
2026-08-14 14:16:23.450,428.194,430513,956.21,-8.64,964.85
2026-08-14 14:16:23.451,428.194,430612,956.13,-8.72,964.85
2026-08-14 14:16:23.658,428.402,430712,956.33,-8.52,964.85
2026-08-14 14:16:23.659,428.402,430812,956.27,-8.58,964.85
2026-08-14 14:16:23.864,428.608,430912,956.17,-8.68,964.85
2026-08-14 14:16:23.864,428.608,431012,956.34,-8.51,964.85
2026-08-14 14:16:24.072,428.816,431112,956.17,-8.68,964.85
2026-08-14 14:16:24.072,428.816,431212,956.23,-8.62,964.85
2026-08-14 14:16:24.280,429.023,431312,956.26,-8.59,964.85
2026-08-14 14:16:24.280,429.023,431412,956.32,-8.53,964.85
2026-08-14 14:16:24.487,429.231,431512,956.25,-8.6,964.85
2026-08-14 14:16:24.487,429.231,431612,956.19,-8.66,964.85
2026-08-14 14:16:24.696,429.439,431712,956.24,-8.61,964.85
2026-08-14 14:16:24.696,429.439,431812,956.22,-8.63,964.85
2026-08-14 14:16:24.696,429.439,431912,956.2,-8.65,964.85
2026-08-14 14:16:24.897,429.641,432012,956.18,-8.67,964.85
2026-08-14 14:16:24.897,429.641,432112,956.22,-8.63,964.85
2026-08-14 14:16:25.105,429.848,432212,956.29,-8.56,964.85
2026-08-14 14:16:25.105,429.848,432312,956.12,-8.73,964.85
2026-08-14 14:16:25.312,430.056,432412,956.17,-8.68,964.85
2026-08-14 14:16:25.312,430.056,432513,956.14,-8.71,964.85
2026-08-14 14:16:25.520,430.264,432612,956.27,-8.58,964.85
2026-08-14 14:16:25.521,430.264,432712,956.18,-8.67,964.85
2026-08-14 14:16:25.740,430.484,432813,956.25,-8.6,964.85
2026-08-14 14:16:25.741,430.484,432912,956.38,-8.47,964.85
2026-08-14 14:16:25.949,430.692,433012,956.14,-8.71,964.85
2026-08-14 14:16:25.949,430.692,433113,956.28,-8.57,964.85
2026-08-14 14:16:26.157,430.901,433212,956.17,-8.68,964.85
2026-08-14 14:16:26.157,430.901,433312,956.32,-8.53,964.85
2026-08-14 14:16:26.365,431.108,433413,956.34,-8.51,964.85
2026-08-14 14:16:26.365,431.109,433512,956.25,-8.6,964.85
2026-08-14 14:16:26.573,431.316,433612,956.22,-8.63,964.85
2026-08-14 14:16:26.573,431.316,433713,956.2,-8.65,964.85
2026-08-14 14:16:26.797,431.541,433812,956.27,-8.58,964.85
2026-08-14 14:16:26.797,431.541,433912,956.28,-8.57,964.85
2026-08-14 14:16:26.798,431.541,434012,956.3,-8.55,964.85
2026-08-14 14:16:26.999,431.743,434112,956.25,-8.6,964.85
2026-08-14 14:16:26.999,431.743,434212,956.23,-8.62,964.85
2026-08-14 14:16:27.207,431.951,434312,956.25,-8.6,964.85
2026-08-14 14:16:27.207,431.951,434412,956.25,-8.6,964.85
2026-08-14 14:16:27.415,432.158,434512,956.16,-8.69,964.85
2026-08-14 14:16:27.415,432.158,434612,956.34,-8.51,964.85
2026-08-14 14:16:27.623,432.366,434712,956.33,-8.52,964.85
2026-08-14 14:16:27.623,432.366,434812,956.25,-8.6,964.85
2026-08-14 14:16:27.841,432.584,434912,956.24,-8.61,964.85
2026-08-14 14:16:27.841,432.584,435012,956.29,-8.56,964.85
2026-08-14 14:16:28.048,432.792,435112,956.17,-8.68,964.85
2026-08-14 14:16:28.048,432.792,435212,956.27,-8.58,964.85
2026-08-14 14:16:28.257,433.0,435312,956.25,-8.6,964.85
2026-08-14 14:16:28.257,433.0,435412,956.3,-8.55,964.85
2026-08-14 14:16:28.464,433.208,435512,956.27,-8.58,964.85
2026-08-14 14:16:28.465,433.208,435612,956.27,-8.58,964.85
2026-08-14 14:16:28.673,433.416,435713,956.29,-8.56,964.85
2026-08-14 14:16:28.673,433.416,435812,956.26,-8.59,964.85
2026-08-14 14:16:28.876,433.619,435912,956.28,-8.57,964.85
2026-08-14 14:16:28.876,433.62,436013,956.26,-8.59,964.85
2026-08-14 14:16:29.085,433.828,436112,956.22,-8.63,964.85
2026-08-14 14:16:29.085,433.828,436212,956.27,-8.58,964.85
2026-08-14 14:16:29.293,434.037,436313,956.25,-8.6,964.85
2026-08-14 14:16:29.293,434.037,436412,956.32,-8.53,964.85
2026-08-14 14:16:29.294,434.038,436512,956.25,-8.6,964.85
2026-08-14 14:16:29.501,434.244,436613,956.12,-8.73,964.85
2026-08-14 14:16:29.501,434.245,436712,956.26,-8.59,964.85
2026-08-14 14:16:29.710,434.453,436812,956.2,-8.65,964.85
2026-08-14 14:16:29.710,434.454,436913,956.26,-8.59,964.85
2026-08-14 14:16:29.918,434.662,437012,956.25,-8.6,964.85
2026-08-14 14:16:29.919,434.663,437112,956.3,-8.55,964.85
2026-08-14 14:16:30.133,434.877,437212,956.28,-8.57,964.85
2026-08-14 14:16:30.133,434.877,437312,956.31,-8.54,964.85
2026-08-14 14:16:30.341,435.085,437412,956.18,-8.67,964.85
2026-08-14 14:16:30.341,435.085,437512,956.29,-8.56,964.85
2026-08-14 14:16:30.549,435.293,437612,956.32,-8.53,964.85
2026-08-14 14:16:30.550,435.293,437712,956.26,-8.59,964.85
2026-08-14 14:16:30.764,435.508,437812,956.24,-8.61,964.85
2026-08-14 14:16:30.765,435.508,437912,956.3,-8.55,964.85
2026-08-14 14:16:30.979,435.722,438012,956.18,-8.67,964.85
2026-08-14 14:16:30.979,435.723,438112,956.28,-8.57,964.85
2026-08-14 14:16:31.183,435.927,438212,956.31,-8.54,964.85
2026-08-14 14:16:31.184,435.927,438312,956.2,-8.65,964.85
2026-08-14 14:16:31.388,436.132,438412,956.35,-8.5,964.85
2026-08-14 14:16:31.388,436.132,438512,956.31,-8.54,964.85
2026-08-14 14:16:31.594,436.337,438612,956.23,-8.62,964.85
2026-08-14 14:16:31.594,436.337,438712,956.27,-8.58,964.85
2026-08-14 14:16:31.594,436.337,438812,956.22,-8.63,964.85
2026-08-14 14:16:31.801,436.544,438913,956.27,-8.58,964.85
2026-08-14 14:16:31.801,436.544,439012,956.28,-8.57,964.85
2026-08-14 14:16:32.007,436.75,439112,956.25,-8.6,964.85
2026-08-14 14:16:32.007,436.751,439213,956.27,-8.58,964.85
2026-08-14 14:16:32.221,436.965,439312,956.17,-8.68,964.85
2026-08-14 14:16:32.221,436.965,439412,956.24,-8.61,964.85
2026-08-14 14:16:32.427,437.171,439513,956.12,-8.73,964.85
2026-08-14 14:16:32.428,437.171,439612,956.26,-8.59,964.85
2026-08-14 14:16:32.633,437.376,439712,956.3,-8.55,964.85
2026-08-14 14:16:32.633,437.377,439813,956.23,-8.62,964.85
2026-08-14 14:16:32.838,437.582,439912,956.13,-8.72,964.85
2026-08-14 14:16:32.838,437.582,440012,956.31,-8.54,964.85
2026-08-14 14:16:33.044,437.787,440113,956.23,-8.62,964.85
2026-08-14 14:16:33.044,437.788,440212,956.32,-8.53,964.85
2026-08-14 14:16:33.253,437.996,440312,956.17,-8.68,964.85
2026-08-14 14:16:33.253,437.996,440412,956.25,-8.6,964.85
2026-08-14 14:16:33.457,438.201,440512,956.25,-8.6,964.85
2026-08-14 14:16:33.457,438.201,440612,956.14,-8.71,964.85
2026-08-14 14:16:33.663,438.406,440712,956.3,-8.55,964.85
2026-08-14 14:16:33.663,438.407,440812,956.18,-8.67,964.85
2026-08-14 14:16:33.871,438.615,440912,956.23,-8.62,964.85
2026-08-14 14:16:33.871,438.615,441012,956.23,-8.62,964.85
2026-08-14 14:16:34.080,438.823,441112,956.29,-8.56,964.85
2026-08-14 14:16:34.080,438.823,441212,956.24,-8.61,964.85
2026-08-14 14:16:34.288,439.031,441312,956.27,-8.58,964.85
2026-08-14 14:16:34.288,439.032,441412,956.22,-8.63,964.85
2026-08-14 14:16:34.495,439.239,441512,956.31,-8.54,964.85
2026-08-14 14:16:34.495,439.239,441612,956.28,-8.57,964.85
2026-08-14 14:16:34.495,439.239,441712,956.4,-8.45,964.85
2026-08-14 14:16:34.701,439.444,441812,956.32,-8.53,964.85
2026-08-14 14:16:34.701,439.445,441912,956.26,-8.59,964.85
2026-08-14 14:16:34.909,439.652,442012,956.19,-8.66,964.85
2026-08-14 14:16:34.909,439.652,442113,956.13,-8.72,964.85
2026-08-14 14:16:35.124,439.867,442212,956.25,-8.6,964.85
2026-08-14 14:16:35.124,439.867,442312,956.29,-8.56,964.85
2026-08-14 14:16:35.338,440.082,442413,956.15,-8.7,964.85
2026-08-14 14:16:35.339,440.082,442512,956.2,-8.65,964.85
2026-08-14 14:16:35.546,440.29,442612,956.32,-8.53,964.85
2026-08-14 14:16:35.546,440.29,442713,956.33,-8.52,964.85
2026-08-14 14:16:35.754,440.498,442812,956.19,-8.66,964.85
2026-08-14 14:16:35.754,440.498,442912,956.22,-8.63,964.85
2026-08-14 14:16:35.962,440.705,443013,956.29,-8.56,964.85
2026-08-14 14:16:35.962,440.705,443112,956.2,-8.65,964.85
2026-08-14 14:16:36.168,440.912,443212,956.19,-8.66,964.85
2026-08-14 14:16:36.168,440.912,443313,956.24,-8.61,964.85
2026-08-14 14:16:36.372,441.115,443412,956.27,-8.58,964.85
2026-08-14 14:16:36.372,441.116,443512,956.2,-8.65,964.85
2026-08-14 14:16:36.578,441.322,443612,956.26,-8.59,964.85
2026-08-14 14:16:36.579,441.322,443712,956.36,-8.49,964.85
2026-08-14 14:16:36.786,441.53,443812,956.32,-8.53,964.85
2026-08-14 14:16:36.786,441.53,443912,956.3,-8.55,964.85
2026-08-14 14:16:36.992,441.735,444012,956.25,-8.6,964.85
2026-08-14 14:16:36.992,441.736,444112,956.31,-8.54,964.85
2026-08-14 14:16:36.995,441.738,444212,956.18,-8.67,964.85
2026-08-14 14:16:37.209,441.952,444312,956.25,-8.6,964.85
2026-08-14 14:16:37.209,441.953,444412,956.28,-8.57,964.85
2026-08-14 14:16:37.422,442.166,444512,956.27,-8.58,964.85
2026-08-14 14:16:37.423,442.166,444612,956.3,-8.55,964.85
2026-08-14 14:16:37.629,442.372,444712,956.23,-8.62,964.85
2026-08-14 14:16:37.629,442.373,444812,956.33,-8.52,964.85
2026-08-14 14:16:37.833,442.577,444912,956.3,-8.55,964.85
2026-08-14 14:16:37.833,442.577,445012,956.18,-8.67,964.85
2026-08-14 14:16:38.036,442.78,445112,956.27,-8.58,964.85
2026-08-14 14:16:38.036,442.78,445212,956.31,-8.54,964.85
2026-08-14 14:16:38.251,442.995,445313,956.24,-8.61,964.85
2026-08-14 14:16:38.252,442.995,445412,956.2,-8.65,964.85
2026-08-14 14:16:38.455,443.199,445512,956.26,-8.59,964.85
2026-08-14 14:16:38.456,443.2,445613,956.35,-8.5,964.85
2026-08-14 14:16:38.657,443.4,445712,956.32,-8.53,964.85
2026-08-14 14:16:38.657,443.401,445812,956.35,-8.5,964.85
2026-08-14 14:16:38.869,443.612,445913,956.25,-8.6,964.85
2026-08-14 14:16:38.869,443.613,446012,956.19,-8.66,964.85
2026-08-14 14:16:39.078,443.822,446112,956.31,-8.54,964.85
2026-08-14 14:16:39.078,443.822,446213,956.25,-8.6,964.85
2026-08-14 14:16:39.298,444.042,446312,956.26,-8.59,964.85
2026-08-14 14:16:39.299,444.042,446412,956.27,-8.58,964.85
2026-08-14 14:16:39.299,444.042,446513,956.3,-8.55,964.85
2026-08-14 14:16:39.507,444.251,446612,956.18,-8.67,964.85
2026-08-14 14:16:39.507,444.251,446712,956.28,-8.57,964.85
2026-08-14 14:16:39.716,444.459,446812,956.24,-8.61,964.85
2026-08-14 14:16:39.716,444.459,446912,956.32,-8.53,964.85
2026-08-14 14:16:39.924,444.667,447012,956.26,-8.59,964.85
2026-08-14 14:16:39.924,444.668,447112,956.23,-8.62,964.85
2026-08-14 14:16:40.131,444.875,447212,956.21,-8.64,964.85
2026-08-14 14:16:40.132,444.875,447312,956.23,-8.62,964.85
2026-08-14 14:16:40.344,445.088,447412,956.19,-8.66,964.85
2026-08-14 14:16:40.345,445.088,447512,956.28,-8.57,964.85
2026-08-14 14:16:40.559,445.303,447612,956.16,-8.69,964.85
2026-08-14 14:16:40.559,445.303,447712,956.31,-8.54,964.85
2026-08-14 14:16:40.766,445.51,447812,956.25,-8.6,964.85
2026-08-14 14:16:40.766,445.51,447912,956.26,-8.59,964.85
2026-08-14 14:16:40.972,445.716,448012,956.29,-8.56,964.85
2026-08-14 14:16:40.973,445.716,448112,956.25,-8.6,964.85
2026-08-14 14:16:41.179,445.923,448212,956.21,-8.64,964.85
2026-08-14 14:16:41.179,445.923,448312,956.26,-8.59,964.85
2026-08-14 14:16:41.386,446.129,448412,956.25,-8.6,964.85
2026-08-14 14:16:41.386,446.13,448513,956.3,-8.55,964.85
2026-08-14 14:16:41.594,446.337,448612,956.27,-8.58,964.85
2026-08-14 14:16:41.594,446.337,448712,956.24,-8.61,964.85
2026-08-14 14:16:41.799,446.543,448813,956.18,-8.67,964.85
2026-08-14 14:16:41.799,446.543,448912,956.31,-8.54,964.85
2026-08-14 14:16:41.800,446.543,449012,956.31,-8.54,964.85
2026-08-14 14:16:42.010,446.754,449113,956.28,-8.57,964.85
2026-08-14 14:16:42.011,446.754,449212,956.29,-8.56,964.85
2026-08-14 14:16:42.214,446.958,449312,956.22,-8.63,964.85
2026-08-14 14:16:42.215,446.958,449413,956.28,-8.57,964.85
2026-08-14 14:16:42.420,447.163,449512,956.27,-8.58,964.85
2026-08-14 14:16:42.421,447.165,449612,956.22,-8.63,964.85
2026-08-14 14:16:42.627,447.37,449713,956.36,-8.49,964.85
2026-08-14 14:16:42.627,447.371,449812,956.28,-8.57,964.85
2026-08-14 14:16:42.834,447.578,449912,956.35,-8.5,964.85
2026-08-14 14:16:42.834,447.578,450012,956.27,-8.58,964.85
2026-08-14 14:16:43.041,447.785,450112,956.09,-8.76,964.85
2026-08-14 14:16:43.041,447.785,450212,956.26,-8.59,964.85
2026-08-14 14:16:43.246,447.989,450312,956.23,-8.62,964.85
2026-08-14 14:16:43.246,447.99,450412,956.31,-8.54,964.85
2026-08-14 14:16:43.452,448.196,450512,956.21,-8.64,964.85
2026-08-14 14:16:43.453,448.196,450612,956.26,-8.59,964.85
2026-08-14 14:16:43.661,448.405,450712,956.27,-8.58,964.85
2026-08-14 14:16:43.661,448.405,450812,956.18,-8.67,964.85
2026-08-14 14:16:43.870,448.614,450912,956.29,-8.56,964.85
2026-08-14 14:16:43.870,448.614,451012,956.17,-8.68,964.85
2026-08-14 14:16:44.077,448.82,451112,956.3,-8.55,964.85
2026-08-14 14:16:44.077,448.82,451212,956.27,-8.58,964.85
2026-08-14 14:16:44.284,449.028,451312,956.31,-8.54,964.85
2026-08-14 14:16:44.285,449.028,451412,956.29,-8.56,964.85
2026-08-14 14:16:44.492,449.236,451512,956.24,-8.61,964.85
2026-08-14 14:16:44.493,449.236,451612,956.22,-8.63,964.85
2026-08-14 14:16:44.697,449.44,451713,956.23,-8.62,964.85
2026-08-14 14:16:44.697,449.44,451812,956.17,-8.68,964.85
2026-08-14 14:16:44.697,449.44,451912,956.3,-8.55,964.85
2026-08-14 14:16:44.904,449.647,452013,956.22,-8.63,964.85
2026-08-14 14:16:44.904,449.648,452112,956.25,-8.6,964.85
2026-08-14 14:16:45.110,449.854,452212,956.26,-8.59,964.85
2026-08-14 14:16:45.111,449.854,452313,956.32,-8.53,964.85
2026-08-14 14:16:45.317,450.06,452412,956.31,-8.54,964.85
2026-08-14 14:16:45.317,450.06,452512,956.26,-8.59,964.85
2026-08-14 14:16:45.528,450.272,452613,956.27,-8.58,964.85
2026-08-14 14:16:45.529,450.272,452712,956.24,-8.61,964.85
2026-08-14 14:16:45.730,450.474,452812,956.27,-8.58,964.85
2026-08-14 14:16:45.730,450.474,452913,956.32,-8.53,964.85
2026-08-14 14:16:45.936,450.68,453012,956.18,-8.67,964.85
2026-08-14 14:16:45.937,450.68,453112,956.15,-8.7,964.85
2026-08-14 14:16:46.144,450.888,453212,956.27,-8.58,964.85
2026-08-14 14:16:46.144,450.888,453312,956.27,-8.58,964.85
2026-08-14 14:16:46.351,451.094,453412,956.29,-8.56,964.85
2026-08-14 14:16:46.351,451.094,453512,956.32,-8.53,964.85
2026-08-14 14:16:46.564,451.307,453612,956.34,-8.51,964.85
2026-08-14 14:16:46.564,451.308,453712,956.22,-8.63,964.85
2026-08-14 14:16:46.765,451.508,453812,956.26,-8.59,964.85
2026-08-14 14:16:46.765,451.508,453912,956.3,-8.55,964.85
2026-08-14 14:16:46.972,451.715,454012,956.22,-8.63,964.85
2026-08-14 14:16:46.972,451.715,454112,956.27,-8.58,964.85
2026-08-14 14:16:47.179,451.922,454212,956.33,-8.52,964.85
2026-08-14 14:16:47.179,451.922,454312,956.2,-8.65,964.85
2026-08-14 14:16:47.386,452.13,454412,956.29,-8.56,964.85
2026-08-14 14:16:47.387,452.13,454512,956.28,-8.57,964.85
2026-08-14 14:16:47.594,452.337,454612,956.34,-8.51,964.85
2026-08-14 14:16:47.594,452.338,454712,956.27,-8.58,964.85
2026-08-14 14:16:47.799,452.543,454812,956.38,-8.47,964.85
2026-08-14 14:16:47.799,452.543,454913,956.37,-8.48,964.85
2026-08-14 14:16:47.799,452.543,455012,956.35,-8.5,964.85
2026-08-14 14:16:48.005,452.749,455112,956.33,-8.52,964.85
2026-08-14 14:16:48.005,452.749,455213,956.33,-8.52,964.85
2026-08-14 14:16:48.219,452.963,455312,956.26,-8.59,964.85
2026-08-14 14:16:48.220,452.963,455412,956.29,-8.56,964.85
2026-08-14 14:16:48.433,453.176,455513,956.31,-8.54,964.85
2026-08-14 14:16:48.433,453.176,455612,956.26,-8.59,964.85
2026-08-14 14:16:48.639,453.383,455712,956.31,-8.54,964.85
2026-08-14 14:16:48.640,453.383,455813,956.27,-8.58,964.85
2026-08-14 14:16:48.851,453.595,455912,956.24,-8.61,964.85
2026-08-14 14:16:48.851,453.595,456012,956.2,-8.65,964.85
2026-08-14 14:16:49.058,453.801,456113,956.25,-8.6,964.85
2026-08-14 14:16:49.058,453.802,456212,956.37,-8.48,964.85
2026-08-14 14:16:49.264,454.007,456312,956.34,-8.51,964.85
2026-08-14 14:16:49.264,454.008,456412,956.17,-8.68,964.85
2026-08-14 14:16:49.470,454.214,456512,956.21,-8.64,964.85
2026-08-14 14:16:49.470,454.214,456612,956.3,-8.55,964.85
2026-08-14 14:16:49.678,454.422,456712,956.23,-8.62,964.85
2026-08-14 14:16:49.678,454.422,456812,956.22,-8.63,964.85
2026-08-14 14:16:49.884,454.628,456912,956.2,-8.65,964.85
2026-08-14 14:16:49.884,454.628,457012,956.23,-8.62,964.85
2026-08-14 14:16:50.091,454.835,457112,956.2,-8.65,964.85
2026-08-14 14:16:50.091,454.835,457212,956.22,-8.63,964.85
2026-08-14 14:16:50.298,455.042,457312,956.12,-8.73,964.85
2026-08-14 14:16:50.299,455.042,457412,956.34,-8.51,964.85
2026-08-14 14:16:50.299,455.042,457512,956.23,-8.62,964.85
2026-08-14 14:16:50.506,455.249,457612,956.24,-8.61,964.85
2026-08-14 14:16:50.506,455.25,457712,956.23,-8.62,964.85
2026-08-14 14:16:50.713,455.456,457812,956.26,-8.59,964.85
2026-08-14 14:16:50.713,455.457,457912,956.32,-8.53,964.85
2026-08-14 14:16:50.919,455.662,458012,956.23,-8.62,964.85
2026-08-14 14:16:50.919,455.663,458113,956.24,-8.61,964.85
2026-08-14 14:16:51.125,455.869,458212,956.24,-8.61,964.85
2026-08-14 14:16:51.126,455.869,458312,956.25,-8.6,964.85
2026-08-14 14:16:51.330,456.074,458413,956.25,-8.6,964.85
2026-08-14 14:16:51.331,456.074,458512,956.26,-8.59,964.85
2026-08-14 14:16:51.536,456.279,458612,956.21,-8.64,964.85
2026-08-14 14:16:51.536,456.279,458713,956.23,-8.62,964.85
2026-08-14 14:16:51.742,456.486,458812,956.24,-8.61,964.85
2026-08-14 14:16:51.742,456.486,458912,956.16,-8.69,964.85
2026-08-14 14:16:51.945,456.689,459013,956.21,-8.64,964.85
2026-08-14 14:16:51.945,456.689,459112,956.23,-8.62,964.85
2026-08-14 14:16:52.159,456.903,459212,956.19,-8.66,964.85
2026-08-14 14:16:52.160,456.903,459313,956.23,-8.62,964.85
2026-08-14 14:16:52.365,457.109,459412,956.25,-8.6,964.85
2026-08-14 14:16:52.365,457.109,459512,956.29,-8.56,964.85
2026-08-14 14:16:52.573,457.316,459612,956.27,-8.58,964.85
2026-08-14 14:16:52.573,457.317,459712,956.18,-8.67,964.85
2026-08-14 14:16:52.781,457.524,459812,956.25,-8.6,964.85
2026-08-14 14:16:52.781,457.525,459912,956.28,-8.57,964.85
2026-08-14 14:16:52.987,457.73,460012,956.28,-8.57,964.85
2026-08-14 14:16:52.987,457.73,460112,956.24,-8.61,964.85
2026-08-14 14:16:53.195,457.939,460212,956.15,-8.7,964.85
2026-08-14 14:16:53.195,457.939,460312,956.22,-8.63,964.85
2026-08-14 14:16:53.404,458.148,460412,956.14,-8.71,964.85
2026-08-14 14:16:53.404,458.148,460512,956.23,-8.62,964.85
2026-08-14 14:16:53.404,458.148,460612,956.17,-8.68,964.85
2026-08-14 14:16:53.611,458.354,460712,956.29,-8.56,964.85
2026-08-14 14:16:53.611,458.355,460812,956.23,-8.62,964.85
2026-08-14 14:16:53.831,458.575,460912,956.28,-8.57,964.85
2026-08-14 14:16:53.832,458.575,461012,956.25,-8.6,964.85
2026-08-14 14:16:54.038,458.782,461112,956.16,-8.69,964.85
2026-08-14 14:16:54.038,458.782,461212,956.32,-8.53,964.85
2026-08-14 14:16:54.245,458.989,461313,956.24,-8.61,964.85
2026-08-14 14:16:54.246,458.989,461412,956.21,-8.64,964.85
2026-08-14 14:16:54.452,459.196,461512,956.16,-8.69,964.85
2026-08-14 14:16:54.453,459.196,461613,956.24,-8.61,964.85
2026-08-14 14:16:54.660,459.404,461712,956.17,-8.68,964.85
2026-08-14 14:16:54.660,459.404,461812,956.26,-8.59,964.85
2026-08-14 14:16:54.868,459.611,461913,956.23,-8.62,964.85
2026-08-14 14:16:54.868,459.611,462012,956.22,-8.63,964.85
2026-08-14 14:16:55.072,459.816,462112,956.26,-8.59,964.85
2026-08-14 14:16:55.072,459.816,462213,956.32,-8.53,964.85
2026-08-14 14:16:55.281,460.024,462312,956.34,-8.51,964.85
2026-08-14 14:16:55.281,460.025,462412,956.21,-8.64,964.85
2026-08-14 14:16:55.487,460.23,462513,956.26,-8.59,964.85
2026-08-14 14:16:55.487,460.231,462612,956.31,-8.54,964.85
2026-08-14 14:16:55.694,460.438,462712,956.33,-8.52,964.85
2026-08-14 14:16:55.695,460.438,462812,956.26,-8.59,964.85
2026-08-14 14:16:55.914,460.657,462912,956.24,-8.61,964.85
2026-08-14 14:16:55.914,460.657,463012,956.16,-8.69,964.85
2026-08-14 14:16:55.914,460.657,463112,956.28,-8.57,964.85
2026-08-14 14:16:56.122,460.866,463212,956.26,-8.59,964.85
2026-08-14 14:16:56.123,460.866,463312,956.26,-8.59,964.85
2026-08-14 14:16:56.330,461.073,463412,956.28,-8.57,964.85
2026-08-14 14:16:56.330,461.074,463512,956.34,-8.51,964.85
2026-08-14 14:16:56.537,461.28,463612,956.26,-8.59,964.85
2026-08-14 14:16:56.537,461.28,463712,956.17,-8.68,964.85
2026-08-14 14:16:56.743,461.487,463812,956.22,-8.63,964.85
2026-08-14 14:16:56.743,461.487,463912,956.31,-8.54,964.85
2026-08-14 14:16:56.951,461.695,464012,956.29,-8.56,964.85
2026-08-14 14:16:56.952,461.695,464112,956.19,-8.66,964.85
2026-08-14 14:16:57.155,461.899,464212,956.3,-8.55,964.85
2026-08-14 14:16:57.156,461.899,464312,956.33,-8.52,964.85
2026-08-14 14:16:57.365,462.108,464412,956.17,-8.68,964.85
2026-08-14 14:16:57.365,462.108,464513,956.2,-8.65,964.85
2026-08-14 14:16:57.571,462.314,464612,956.18,-8.67,964.85
2026-08-14 14:16:57.571,462.314,464712,956.19,-8.66,964.85
2026-08-14 14:16:57.777,462.52,464813,956.19,-8.66,964.85
2026-08-14 14:16:57.777,462.52,464912,956.24,-8.61,964.85
2026-08-14 14:16:57.981,462.724,465012,956.23,-8.62,964.85
2026-08-14 14:16:57.981,462.725,465113,956.21,-8.64,964.85
2026-08-14 14:16:58.191,462.934,465212,956.24,-8.61,964.85
2026-08-14 14:16:58.191,462.934,465312,956.19,-8.66,964.85
2026-08-14 14:16:58.396,463.139,465413,956.26,-8.59,964.85
2026-08-14 14:16:58.396,463.14,465512,956.19,-8.66,964.85
2026-08-14 14:16:58.605,463.349,465612,956.25,-8.6,964.85
2026-08-14 14:16:58.605,463.349,465713,956.29,-8.56,964.85
2026-08-14 14:16:58.605,463.349,465812,956.21,-8.64,964.85
2026-08-14 14:16:58.811,463.555,465912,956.31,-8.54,964.85
2026-08-14 14:16:58.811,463.555,466012,956.21,-8.64,964.85
2026-08-14 14:16:59.016,463.76,466112,956.35,-8.5,964.85
2026-08-14 14:16:59.017,463.76,466212,956.31,-8.54,964.85
2026-08-14 14:16:59.224,463.967,466312,956.21,-8.64,964.85
2026-08-14 14:16:59.224,463.968,466412,956.29,-8.56,964.85
2026-08-14 14:16:59.430,464.174,466512,956.29,-8.56,964.85
2026-08-14 14:16:59.430,464.174,466612,956.15,-8.7,964.85
2026-08-14 14:16:59.636,464.379,466712,956.17,-8.68,964.85
2026-08-14 14:16:59.636,464.38,466812,956.25,-8.6,964.85
2026-08-14 14:16:59.843,464.586,466912,956.25,-8.6,964.85
2026-08-14 14:16:59.843,464.586,467012,956.19,-8.66,964.85
2026-08-14 14:17:00.049,464.793,467112,956.27,-8.58,964.85
2026-08-14 14:17:00.049,464.793,467212,956.17,-8.68,964.85
2026-08-14 14:17:00.258,465.002,467312,956.17,-8.68,964.85
2026-08-14 14:17:00.259,465.002,467412,956.18,-8.67,964.85
2026-08-14 14:17:00.465,465.208,467512,956.14,-8.71,964.85
2026-08-14 14:17:00.465,465.208,467612,956.22,-8.63,964.85
2026-08-14 14:17:00.671,465.414,467713,956.32,-8.53,964.85
2026-08-14 14:17:00.671,465.415,467812,956.25,-8.6,964.85
2026-08-14 14:17:00.877,465.621,467912,956.2,-8.65,964.85
2026-08-14 14:17:00.878,465.621,468013,956.25,-8.6,964.85
2026-08-14 14:17:01.085,465.829,468112,956.14,-8.71,964.85
2026-08-14 14:17:01.086,465.829,468212,956.23,-8.62,964.85
2026-08-14 14:17:01.293,466.037,468313,956.24,-8.61,964.85
2026-08-14 14:17:01.294,466.037,468412,956.18,-8.67,964.85
2026-08-14 14:17:01.499,466.243,468512,956.23,-8.62,964.85
2026-08-14 14:17:01.500,466.243,468613,956.29,-8.56,964.85
2026-08-14 14:17:01.500,466.244,468712,956.16,-8.69,964.85
2026-08-14 14:17:01.705,466.449,468812,956.3,-8.55,964.85
2026-08-14 14:17:01.705,466.449,468913,956.23,-8.62,964.85
2026-08-14 14:17:01.911,466.654,469012,956.34,-8.51,964.85
2026-08-14 14:17:01.911,466.655,469112,956.21,-8.64,964.85
2026-08-14 14:17:02.118,466.861,469212,956.2,-8.65,964.85
2026-08-14 14:17:02.118,466.861,469312,956.12,-8.73,964.85
2026-08-14 14:17:02.326,467.07,469412,956.25,-8.6,964.85
2026-08-14 14:17:02.327,467.07,469512,956.25,-8.6,964.85
2026-08-14 14:17:02.533,467.277,469612,956.28,-8.57,964.85
2026-08-14 14:17:02.533,467.277,469712,956.14,-8.71,964.85
2026-08-14 14:17:02.740,467.483,469812,956.16,-8.69,964.85
2026-08-14 14:17:02.740,467.483,469912,956.23,-8.62,964.85
2026-08-14 14:17:02.948,467.691,470012,956.14,-8.71,964.85
2026-08-14 14:17:02.948,467.692,470112,956.06,-8.79,964.85
2026-08-14 14:17:03.169,467.912,470212,956.15,-8.7,964.85
2026-08-14 14:17:03.169,467.913,470312,956.2,-8.65,964.85
2026-08-14 14:17:03.379,468.122,470412,956.27,-8.58,964.85
2026-08-14 14:17:03.379,468.122,470512,956.2,-8.65,964.85
2026-08-14 14:17:03.584,468.327,470612,956.23,-8.62,964.85
2026-08-14 14:17:03.584,468.328,470712,956.18,-8.67,964.85
2026-08-14 14:17:03.790,468.533,470812,956.24,-8.61,964.85
2026-08-14 14:17:03.790,468.534,470913,956.23,-8.62,964.85
2026-08-14 14:17:03.997,468.741,471012,956.2,-8.65,964.85
2026-08-14 14:17:03.998,468.741,471112,956.23,-8.62,964.85
2026-08-14 14:17:04.210,468.954,471213,956.22,-8.63,964.85
2026-08-14 14:17:04.211,468.954,471312,956.09,-8.76,964.85
2026-08-14 14:17:04.211,468.954,471412,956.17,-8.68,964.85
2026-08-14 14:17:04.412,469.156,471513,956.21,-8.64,964.85
2026-08-14 14:17:04.413,469.156,471612,956.19,-8.66,964.85
2026-08-14 14:17:04.618,469.362,471712,956.27,-8.58,964.85
2026-08-14 14:17:04.618,469.362,471813,956.11,-8.74,964.85
2026-08-14 14:17:04.824,469.568,471912,956.19,-8.66,964.85
2026-08-14 14:17:04.825,469.568,472012,956.12,-8.73,964.85
2026-08-14 14:17:05.032,469.775,472113,956.05,-8.8,964.85
2026-08-14 14:17:05.032,469.776,472212,956.19,-8.66,964.85
2026-08-14 14:17:05.246,469.99,472312,956.25,-8.6,964.85
2026-08-14 14:17:05.246,469.99,472412,956.17,-8.68,964.85
2026-08-14 14:17:05.448,470.191,472512,956.15,-8.7,964.85
2026-08-14 14:17:05.448,470.191,472612,956.11,-8.74,964.85
2026-08-14 14:17:05.653,470.397,472712,956.09,-8.76,964.85
2026-08-14 14:17:05.653,470.397,472812,956.27,-8.58,964.85
2026-08-14 14:17:05.876,470.62,472912,956.06,-8.79,964.85
2026-08-14 14:17:05.877,470.62,473012,956.21,-8.64,964.85
2026-08-14 14:17:06.084,470.827,473112,956.16,-8.69,964.85
2026-08-14 14:17:06.084,470.828,473212,956.18,-8.67,964.85
2026-08-14 14:17:06.291,471.035,473312,956.04,-8.81,964.85
2026-08-14 14:17:06.292,471.035,473412,956.15,-8.7,964.85
2026-08-14 14:17:06.498,471.242,473512,956.09,-8.76,964.85
2026-08-14 14:17:06.499,471.242,473612,956.06,-8.79,964.85
2026-08-14 14:17:06.705,471.449,473712,956.14,-8.71,964.85
2026-08-14 14:17:06.706,471.449,473812,956.18,-8.67,964.85
2026-08-14 14:17:06.706,471.449,473912,956.19,-8.66,964.85
2026-08-14 14:17:06.912,471.656,474012,956.21,-8.64,964.85
2026-08-14 14:17:06.913,471.656,474113,956.28,-8.57,964.85
2026-08-14 14:17:07.121,471.864,474212,956.2,-8.65,964.85
2026-08-14 14:17:07.121,471.864,474312,956.17,-8.68,964.85
2026-08-14 14:17:07.336,472.079,474413,956.18,-8.67,964.85
2026-08-14 14:17:07.336,472.079,474512,956.21,-8.64,964.85
2026-08-14 14:17:07.547,472.29,474612,956.22,-8.63,964.85
2026-08-14 14:17:07.547,472.29,474713,956.27,-8.58,964.85
2026-08-14 14:17:07.753,472.497,474812,956.23,-8.62,964.85
2026-08-14 14:17:07.753,472.497,474912,956.23,-8.62,964.85
2026-08-14 14:17:07.960,472.703,475013,956.16,-8.69,964.85
2026-08-14 14:17:07.960,472.704,475112,956.22,-8.63,964.85
2026-08-14 14:17:08.167,472.911,475212,956.1,-8.75,964.85
2026-08-14 14:17:08.168,472.911,475313,956.2,-8.65,964.85
2026-08-14 14:17:08.368,473.112,475412,956.19,-8.66,964.85
2026-08-14 14:17:08.368,473.112,475512,956.18,-8.67,964.85
2026-08-14 14:17:08.582,473.325,475612,956.18,-8.67,964.85
2026-08-14 14:17:08.582,473.325,475712,956.28,-8.57,964.85
2026-08-14 14:17:08.788,473.532,475812,956.22,-8.63,964.85
2026-08-14 14:17:08.788,473.532,475912,956.21,-8.64,964.85
2026-08-14 14:17:08.994,473.738,476012,956.17,-8.68,964.85
2026-08-14 14:17:08.995,473.738,476112,956.2,-8.65,964.85
2026-08-14 14:17:09.201,473.945,476212,956.16,-8.69,964.85
2026-08-14 14:17:09.201,473.945,476312,956.2,-8.65,964.85
2026-08-14 14:17:09.202,473.945,476412,956.23,-8.62,964.85
2026-08-14 14:17:09.407,474.151,476512,956.17,-8.68,964.85
2026-08-14 14:17:09.407,474.151,476612,956.2,-8.65,964.85
2026-08-14 14:17:09.617,474.361,476712,956.22,-8.63,964.85
2026-08-14 14:17:09.617,474.361,476812,956.17,-8.68,964.85
2026-08-14 14:17:09.822,474.566,476912,956.19,-8.66,964.85
2026-08-14 14:17:09.823,474.566,477012,956.21,-8.64,964.85
2026-08-14 14:17:10.028,474.772,477112,956.12,-8.73,964.85
2026-08-14 14:17:10.028,474.772,477212,956.14,-8.71,964.85
2026-08-14 14:17:10.234,474.977,477313,956.06,-8.79,964.85
2026-08-14 14:17:10.234,474.978,477412,956.23,-8.62,964.85
2026-08-14 14:17:10.445,475.189,477512,956.22,-8.63,964.85
2026-08-14 14:17:10.445,475.189,477613,956.18,-8.67,964.85
2026-08-14 14:17:10.651,475.395,477712,956.25,-8.6,964.85
2026-08-14 14:17:10.651,475.395,477812,956.15,-8.7,964.85
2026-08-14 14:17:10.857,475.6,477913,956.27,-8.58,964.85
2026-08-14 14:17:10.857,475.6,478012,956.17,-8.68,964.85
2026-08-14 14:17:11.061,475.805,478112,956.19,-8.66,964.85
2026-08-14 14:17:11.062,475.805,478213,956.15,-8.7,964.85
2026-08-14 14:17:11.266,476.01,478312,956.18,-8.67,964.85
2026-08-14 14:17:11.266,476.01,478412,956.16,-8.69,964.85
2026-08-14 14:17:11.472,476.215,478513,956.16,-8.69,964.85
2026-08-14 14:17:11.472,476.215,478612,956.23,-8.62,964.85
2026-08-14 14:17:11.684,476.428,478712,956.17,-8.68,964.85
2026-08-14 14:17:11.685,476.428,478812,956.16,-8.69,964.85
2026-08-14 14:17:11.894,476.637,478912,956.28,-8.57,964.85
2026-08-14 14:17:11.894,476.638,479012,956.25,-8.6,964.85
2026-08-14 14:17:12.101,476.844,479112,956.11,-8.74,964.85
2026-08-14 14:17:12.101,476.845,479212,956.18,-8.67,964.85
2026-08-14 14:17:12.104,476.847,479312,956.28,-8.57,964.85
2026-08-14 14:17:12.308,477.051,479412,956.15,-8.7,964.85
2026-08-14 14:17:12.308,477.051,479512,956.22,-8.63,964.85
2026-08-14 14:17:12.514,477.257,479612,956.24,-8.61,964.85
2026-08-14 14:17:12.514,477.258,479712,956.27,-8.58,964.85
2026-08-14 14:17:12.720,477.463,479812,956.09,-8.76,964.85
2026-08-14 14:17:12.720,477.463,479912,956.23,-8.62,964.85
2026-08-14 14:17:12.927,477.67,480012,956.14,-8.71,964.85
2026-08-14 14:17:12.927,477.671,480112,956.14,-8.71,964.85
2026-08-14 14:17:13.136,477.88,480212,956.06,-8.79,964.85
2026-08-14 14:17:13.136,477.88,480312,956.25,-8.6,964.85
2026-08-14 14:17:13.343,478.087,480412,956.16,-8.69,964.85
2026-08-14 14:17:13.343,478.087,480513,956.18,-8.67,964.85
2026-08-14 14:17:13.558,478.301,480612,956.19,-8.66,964.85
2026-08-14 14:17:13.558,478.301,480712,956.22,-8.63,964.85
2026-08-14 14:17:13.782,478.525,480813,956.14,-8.71,964.85
2026-08-14 14:17:13.782,478.525,480912,956.18,-8.67,964.85
2026-08-14 14:17:13.995,478.738,481012,956.18,-8.67,964.85
2026-08-14 14:17:13.995,478.739,481113,956.18,-8.67,964.85
2026-08-14 14:17:14.201,478.945,481212,956.16,-8.69,964.85
2026-08-14 14:17:14.202,478.945,481312,956.29,-8.56,964.85
2026-08-14 14:17:14.202,478.945,481413,956.21,-8.64,964.85
2026-08-14 14:17:14.408,479.152,481512,956.21,-8.64,964.85
2026-08-14 14:17:14.409,479.152,481612,956.23,-8.62,964.85
2026-08-14 14:17:14.616,479.36,481713,956.08,-8.77,964.85
2026-08-14 14:17:14.616,479.36,481812,956.25,-8.6,964.85
2026-08-14 14:17:14.823,479.567,481912,956.23,-8.62,964.85
2026-08-14 14:17:14.823,479.567,482012,956.22,-8.63,964.85
2026-08-14 14:17:15.031,479.774,482112,956.25,-8.6,964.85
2026-08-14 14:17:15.031,479.774,482212,956.24,-8.61,964.85
2026-08-14 14:17:15.239,479.982,482312,956.13,-8.72,964.85
2026-08-14 14:17:15.239,479.982,482412,956.16,-8.69,964.85
2026-08-14 14:17:15.442,480.185,482512,956.22,-8.63,964.85
2026-08-14 14:17:15.442,480.186,482612,956.26,-8.59,964.85
2026-08-14 14:17:15.643,480.386,482712,956.18,-8.67,964.85
2026-08-14 14:17:15.643,480.386,482812,956.18,-8.67,964.85
2026-08-14 14:17:15.856,480.6,482912,956.2,-8.65,964.85
2026-08-14 14:17:15.856,480.6,483012,956.2,-8.65,964.85
2026-08-14 14:17:16.064,480.807,483112,956.16,-8.69,964.85
2026-08-14 14:17:16.064,480.807,483212,956.23,-8.62,964.85
2026-08-14 14:17:16.273,481.016,483312,956.19,-8.66,964.85
2026-08-14 14:17:16.273,481.016,483412,956.19,-8.66,964.85
2026-08-14 14:17:16.478,481.221,483512,956.14,-8.71,964.85
2026-08-14 14:17:16.478,481.222,483612,956.1,-8.75,964.85
2026-08-14 14:17:16.686,481.43,483713,956.17,-8.68,964.85
2026-08-14 14:17:16.687,481.43,483812,956.09,-8.76,964.85
2026-08-14 14:17:16.891,481.634,483912,956.22,-8.63,964.85
2026-08-14 14:17:16.891,481.634,484013,956.17,-8.68,964.85
2026-08-14 14:17:17.097,481.841,484112,956.29,-8.56,964.85
2026-08-14 14:17:17.098,481.841,484212,956.11,-8.74,964.85
2026-08-14 14:17:17.305,482.048,484313,956.21,-8.64,964.85
2026-08-14 14:17:17.305,482.048,484412,956.16,-8.69,964.85
2026-08-14 14:17:17.305,482.049,484512,956.21,-8.64,964.85
2026-08-14 14:17:17.511,482.255,484613,956.21,-8.64,964.85
2026-08-14 14:17:17.511,482.255,484712,956.26,-8.59,964.85
2026-08-14 14:17:17.717,482.46,484812,956.11,-8.74,964.85
2026-08-14 14:17:17.718,482.461,484913,956.2,-8.65,964.85
2026-08-14 14:17:17.923,482.667,485012,956.19,-8.66,964.85
2026-08-14 14:17:17.924,482.667,485112,956.16,-8.69,964.85
2026-08-14 14:17:18.129,482.873,485212,956.13,-8.72,964.85
2026-08-14 14:17:18.130,482.873,485312,956.17,-8.68,964.85
2026-08-14 14:17:18.335,483.078,485412,956.25,-8.6,964.85
2026-08-14 14:17:18.335,483.078,485512,956.09,-8.76,964.85
2026-08-14 14:17:18.542,483.285,485612,956.26,-8.59,964.85
2026-08-14 14:17:18.542,483.285,485712,956.23,-8.62,964.85
2026-08-14 14:17:18.747,483.49,485812,956.27,-8.58,964.85
2026-08-14 14:17:18.747,483.491,485912,956.19,-8.66,964.85
2026-08-14 14:17:18.958,483.701,486012,956.13,-8.72,964.85
2026-08-14 14:17:18.958,483.701,486112,956.27,-8.58,964.85
2026-08-14 14:17:19.166,483.909,486212,956.24,-8.61,964.85
2026-08-14 14:17:19.166,483.909,486312,956.24,-8.61,964.85
2026-08-14 14:17:19.373,484.116,486412,956.19,-8.66,964.85
2026-08-14 14:17:19.373,484.116,486512,956.24,-8.61,964.85
2026-08-14 14:17:19.579,484.322,486612,956.18,-8.67,964.85
2026-08-14 14:17:19.579,484.322,486712,956.25,-8.6,964.85
2026-08-14 14:17:19.786,484.53,486812,956.27,-8.58,964.85
2026-08-14 14:17:19.787,484.53,486913,956.25,-8.6,964.85
2026-08-14 14:17:19.993,484.737,487012,956.08,-8.77,964.85
2026-08-14 14:17:19.993,484.737,487112,956.15,-8.7,964.85
2026-08-14 14:17:20.200,484.943,487213,956.28,-8.57,964.85
2026-08-14 14:17:20.200,484.943,487312,956.1,-8.75,964.85
2026-08-14 14:17:20.404,485.147,487412,956.24,-8.61,964.85
2026-08-14 14:17:20.404,485.148,487513,956.2,-8.65,964.85
2026-08-14 14:17:20.404,485.148,487612,956.23,-8.62,964.85
2026-08-14 14:17:20.610,485.353,487712,956.11,-8.74,964.85
2026-08-14 14:17:20.610,485.353,487813,956.12,-8.73,964.85
2026-08-14 14:17:20.816,485.559,487912,956.27,-8.58,964.85
2026-08-14 14:17:20.816,485.56,488012,956.11,-8.74,964.85
2026-08-14 14:17:21.025,485.769,488113,956.14,-8.71,964.85
2026-08-14 14:17:21.025,485.769,488212,956.16,-8.69,964.85
2026-08-14 14:17:21.233,485.976,488312,956.21,-8.64,964.85
2026-08-14 14:17:21.233,485.976,488412,956.15,-8.7,964.85
2026-08-14 14:17:21.439,486.183,488512,956.21,-8.64,964.85
2026-08-14 14:17:21.439,486.183,488612,956.2,-8.65,964.85
2026-08-14 14:17:21.644,486.388,488712,956.12,-8.73,964.85
2026-08-14 14:17:21.645,486.388,488812,956.15,-8.7,964.85
2026-08-14 14:17:21.849,486.593,488912,956.26,-8.59,964.85
2026-08-14 14:17:21.850,486.593,489012,956.15,-8.7,964.85
2026-08-14 14:17:22.063,486.806,489112,956.26,-8.59,964.85
2026-08-14 14:17:22.063,486.806,489212,956.17,-8.68,964.85
2026-08-14 14:17:22.269,487.012,489312,956.18,-8.67,964.85
2026-08-14 14:17:22.269,487.013,489412,956.23,-8.62,964.85
2026-08-14 14:17:22.476,487.219,489512,956.26,-8.59,964.85
2026-08-14 14:17:22.476,487.219,489612,956.16,-8.69,964.85
2026-08-14 14:17:22.682,487.425,489712,956.25,-8.6,964.85
2026-08-14 14:17:22.682,487.425,489812,956.29,-8.56,964.85
2026-08-14 14:17:22.887,487.631,489912,956.11,-8.74,964.85
2026-08-14 14:17:22.888,487.631,490012,956.19,-8.66,964.85
2026-08-14 14:17:23.095,487.839,490113,956.21,-8.64,964.85
2026-08-14 14:17:23.095,487.839,490212,956.11,-8.74,964.85
2026-08-14 14:17:23.302,488.045,490312,956.22,-8.63,964.85
2026-08-14 14:17:23.302,488.046,490413,956.21,-8.64,964.85
2026-08-14 14:17:23.306,488.05,490512,956.17,-8.68,964.85
2026-08-14 14:17:23.507,488.251,490612,956.14,-8.71,964.85
2026-08-14 14:17:23.507,488.251,490713,956.18,-8.67,964.85
2026-08-14 14:17:23.715,488.458,490812,956.18,-8.67,964.85
2026-08-14 14:17:23.715,488.459,490912,956.23,-8.62,964.85
2026-08-14 14:17:23.922,488.666,491013,956.18,-8.67,964.85
2026-08-14 14:17:23.923,488.666,491112,956.28,-8.57,964.85
2026-08-14 14:17:24.128,488.871,491212,956.13,-8.72,964.85
2026-08-14 14:17:24.128,488.871,491313,956.15,-8.7,964.85
2026-08-14 14:17:24.333,489.077,491412,956.16,-8.69,964.85
2026-08-14 14:17:24.333,489.077,491512,956.14,-8.71,964.85
2026-08-14 14:17:24.537,489.281,491612,956.21,-8.64,964.85
2026-08-14 14:17:24.538,489.281,491712,956.14,-8.71,964.85
2026-08-14 14:17:24.745,489.489,491812,956.14,-8.71,964.85
2026-08-14 14:17:24.746,489.489,491912,956.12,-8.73,964.85
2026-08-14 14:17:24.951,489.695,492012,956.16,-8.69,964.85
2026-08-14 14:17:24.952,489.695,492112,956.21,-8.64,964.85
2026-08-14 14:17:25.164,489.908,492212,956.18,-8.67,964.85
2026-08-14 14:17:25.165,489.908,492312,956.18,-8.67,964.85
2026-08-14 14:17:25.369,490.113,492412,956.18,-8.67,964.85
2026-08-14 14:17:25.369,490.113,492512,956.11,-8.74,964.85
2026-08-14 14:17:25.575,490.319,492612,956.17,-8.68,964.85
2026-08-14 14:17:25.575,490.319,492712,956.05,-8.8,964.85
2026-08-14 14:17:25.781,490.525,492812,956.08,-8.77,964.85
2026-08-14 14:17:25.782,490.525,492912,956.19,-8.66,964.85
2026-08-14 14:17:25.988,490.731,493012,956.16,-8.69,964.85
2026-08-14 14:17:25.988,490.732,493112,956.09,-8.76,964.85
2026-08-14 14:17:26.195,490.939,493212,956.19,-8.66,964.85
2026-08-14 14:17:26.195,490.939,493313,956.2,-8.65,964.85
2026-08-14 14:17:26.403,491.146,493412,956.17,-8.68,964.85
2026-08-14 14:17:26.403,491.147,493512,956.01,-8.84,964.85
2026-08-14 14:17:26.407,491.151,493613,956.09,-8.76,964.85
2026-08-14 14:17:26.610,491.354,493712,956.12,-8.73,964.85
2026-08-14 14:17:26.610,491.354,493812,956.03,-8.82,964.85
2026-08-14 14:17:26.816,491.56,493913,956.17,-8.68,964.85
2026-08-14 14:17:26.817,491.56,494012,956.09,-8.76,964.85
2026-08-14 14:17:27.022,491.765,494112,956.11,-8.74,964.85
2026-08-14 14:17:27.022,491.766,494213,956.14,-8.71,964.85
2026-08-14 14:17:27.230,491.974,494312,956.13,-8.72,964.85
2026-08-14 14:17:27.230,491.974,494412,956.0,-8.85,964.85
2026-08-14 14:17:27.437,492.18,494513,956.14,-8.71,964.85
2026-08-14 14:17:27.437,492.181,494612,956.15,-8.7,964.85
2026-08-14 14:17:27.642,492.386,494712,956.15,-8.7,964.85
2026-08-14 14:17:27.643,492.386,494812,956.11,-8.74,964.85
2026-08-14 14:17:27.849,492.593,494912,956.12,-8.73,964.85
2026-08-14 14:17:27.849,492.593,495012,956.24,-8.61,964.85
2026-08-14 14:17:28.055,492.798,495112,956.19,-8.66,964.85
2026-08-14 14:17:28.056,492.8,495212,956.2,-8.65,964.85
2026-08-14 14:17:28.266,493.01,495312,956.2,-8.65,964.85
2026-08-14 14:17:28.267,493.01,495412,956.17,-8.68,964.85
2026-08-14 14:17:28.475,493.219,495512,956.17,-8.68,964.85
2026-08-14 14:17:28.475,493.219,495612,956.17,-8.68,964.85
2026-08-14 14:17:28.681,493.425,495712,956.15,-8.7,964.85
2026-08-14 14:17:28.682,493.425,495812,956.27,-8.58,964.85
2026-08-14 14:17:28.887,493.631,495912,956.1,-8.75,964.85
2026-08-14 14:17:28.887,493.631,496012,956.23,-8.62,964.85
2026-08-14 14:17:29.094,493.838,496112,956.25,-8.6,964.85
2026-08-14 14:17:29.095,493.839,496212,956.21,-8.64,964.85
2026-08-14 14:17:29.298,494.042,496312,956.09,-8.76,964.85
2026-08-14 14:17:29.298,494.042,496412,956.04,-8.81,964.85
2026-08-14 14:17:29.502,494.246,496513,956.19,-8.66,964.85
2026-08-14 14:17:29.502,494.246,496612,956.17,-8.68,964.85
2026-08-14 14:17:29.708,494.451,496712,956.21,-8.64,964.85
2026-08-14 14:17:29.708,494.451,496813,956.19,-8.66,964.85
2026-08-14 14:17:29.708,494.451,496912,956.22,-8.63,964.85
2026-08-14 14:17:29.914,494.658,497012,956.13,-8.72,964.85
2026-08-14 14:17:29.914,494.658,497113,956.21,-8.64,964.85
2026-08-14 14:17:30.120,494.864,497212,956.24,-8.61,964.85
2026-08-14 14:17:30.121,494.865,497312,956.16,-8.69,964.85
2026-08-14 14:17:30.333,495.076,497413,956.07,-8.78,964.85
2026-08-14 14:17:30.333,495.076,497512,956.21,-8.64,964.85
2026-08-14 14:17:30.538,495.281,497612,956.2,-8.65,964.85
2026-08-14 14:17:30.538,495.282,497713,956.2,-8.65,964.85
2026-08-14 14:17:30.743,495.487,497812,956.21,-8.64,964.85
2026-08-14 14:17:30.744,495.487,497912,956.16,-8.69,964.85
2026-08-14 14:17:30.950,495.693,498012,956.12,-8.73,964.85
2026-08-14 14:17:30.950,495.694,498112,956.2,-8.65,964.85
2026-08-14 14:17:31.157,495.901,498212,956.19,-8.66,964.85
2026-08-14 14:17:31.158,495.902,498312,956.19,-8.66,964.85
2026-08-14 14:17:31.369,496.113,498412,956.13,-8.72,964.85
2026-08-14 14:17:31.369,496.113,498512,956.16,-8.69,964.85
2026-08-14 14:17:31.576,496.319,498612,956.1,-8.75,964.85
2026-08-14 14:17:31.576,496.32,498712,956.12,-8.73,964.85
2026-08-14 14:17:31.781,496.525,498812,956.21,-8.64,964.85
2026-08-14 14:17:31.781,496.525,498912,956.15,-8.7,964.85
2026-08-14 14:17:31.986,496.729,499012,956.16,-8.69,964.85
2026-08-14 14:17:31.986,496.729,499112,956.22,-8.63,964.85
2026-08-14 14:17:32.192,496.936,499212,956.14,-8.71,964.85
2026-08-14 14:17:32.193,496.936,499312,956.16,-8.69,964.85
2026-08-14 14:17:32.402,497.145,499412,956.15,-8.7,964.85
2026-08-14 14:17:32.402,497.145,499512,956.23,-8.62,964.85
2026-08-14 14:17:32.610,497.353,499612,956.26,-8.59,964.85
2026-08-14 14:17:32.610,497.353,499713,956.13,-8.72,964.85
2026-08-14 14:17:32.610,497.353,499812,956.12,-8.73,964.85
2026-08-14 14:17:32.816,497.559,499912,956.14,-8.71,964.85
2026-08-14 14:17:32.816,497.559,500013,956.05,-8.8,964.85
2026-08-14 14:17:33.021,497.764,500112,956.13,-8.72,964.85
2026-08-14 14:17:33.021,497.765,500212,956.09,-8.76,964.85
2026-08-14 14:17:33.227,497.97,500313,956.16,-8.69,964.85
2026-08-14 14:17:33.228,497.971,500412,956.14,-8.71,964.85
2026-08-14 14:17:33.435,498.179,500512,956.14,-8.71,964.85
2026-08-14 14:17:33.435,498.179,500613,956.17,-8.68,964.85
2026-08-14 14:17:33.642,498.386,500712,956.21,-8.64,964.85
2026-08-14 14:17:33.643,498.386,500812,956.07,-8.78,964.85
2026-08-14 14:17:33.855,498.598,500913,956.19,-8.66,964.85
2026-08-14 14:17:33.855,498.599,501012,956.1,-8.75,964.85
2026-08-14 14:17:34.056,498.8,501112,956.1,-8.75,964.85
2026-08-14 14:17:34.056,498.8,501212,956.08,-8.77,964.85
2026-08-14 14:17:34.263,499.006,501312,956.16,-8.69,964.85
2026-08-14 14:17:34.265,499.009,501412,956.09,-8.76,964.85
2026-08-14 14:17:34.471,499.215,501512,956.07,-8.78,964.85
2026-08-14 14:17:34.472,499.215,501612,956.15,-8.7,964.85
2026-08-14 14:17:34.678,499.422,501712,956.19,-8.66,964.85
2026-08-14 14:17:34.678,499.422,501812,956.13,-8.72,964.85
2026-08-14 14:17:34.885,499.629,501912,956.14,-8.71,964.85
2026-08-14 14:17:34.886,499.629,502012,956.17,-8.68,964.85
2026-08-14 14:17:35.094,499.837,502112,956.18,-8.67,964.85
2026-08-14 14:17:35.094,499.837,502212,956.04,-8.81,964.85
2026-08-14 14:17:35.302,500.046,502312,956.17,-8.68,964.85
2026-08-14 14:17:35.303,500.046,502412,956.13,-8.72,964.85
2026-08-14 14:17:35.506,500.25,502512,956.12,-8.73,964.85
2026-08-14 14:17:35.507,500.25,502612,956.18,-8.67,964.85
2026-08-14 14:17:35.508,500.251,502712,956.18,-8.67,964.85
2026-08-14 14:17:35.714,500.457,502812,956.05,-8.8,964.85
2026-08-14 14:17:35.714,500.458,502913,956.09,-8.76,964.85
2026-08-14 14:17:35.922,500.665,503012,956.13,-8.72,964.85
2026-08-14 14:17:35.922,500.666,503112,956.18,-8.67,964.85
2026-08-14 14:17:36.131,500.875,503213,956.11,-8.74,964.85
2026-08-14 14:17:36.131,500.875,503312,956.05,-8.8,964.85
2026-08-14 14:17:36.339,501.082,503412,956.16,-8.69,964.85
2026-08-14 14:17:36.339,501.083,503513,956.13,-8.72,964.85
2026-08-14 14:17:36.541,501.284,503612,956.16,-8.69,964.85
2026-08-14 14:17:36.541,501.284,503712,956.22,-8.63,964.85
2026-08-14 14:17:36.749,501.493,503813,956.19,-8.66,964.85
2026-08-14 14:17:36.749,501.493,503912,956.09,-8.76,964.85
2026-08-14 14:17:36.957,501.701,504012,956.16,-8.69,964.85
2026-08-14 14:17:36.958,501.701,504113,956.12,-8.73,964.85
2026-08-14 14:17:37.165,501.909,504212,956.06,-8.79,964.85
2026-08-14 14:17:37.166,501.909,504312,956.08,-8.77,964.85
2026-08-14 14:17:37.373,502.117,504412,956.14,-8.71,964.85
2026-08-14 14:17:37.374,502.117,504512,956.09,-8.76,964.85
2026-08-14 14:17:37.575,502.319,504612,956.12,-8.73,964.85
2026-08-14 14:17:37.575,502.319,504712,956.23,-8.62,964.85
2026-08-14 14:17:37.783,502.527,504812,956.15,-8.7,964.85
2026-08-14 14:17:37.784,502.527,504912,956.15,-8.7,964.85
2026-08-14 14:17:37.990,502.734,505012,956.08,-8.77,964.85
2026-08-14 14:17:37.991,502.734,505112,956.12,-8.73,964.85
2026-08-14 14:17:38.198,502.942,505212,956.14,-8.71,964.85
2026-08-14 14:17:38.198,502.942,505312,956.06,-8.79,964.85
2026-08-14 14:17:38.406,503.15,505412,956.15,-8.7,964.85
2026-08-14 14:17:38.407,503.151,505512,956.19,-8.66,964.85
2026-08-14 14:17:38.609,503.353,505612,956.18,-8.67,964.85
2026-08-14 14:17:38.610,503.353,505712,956.22,-8.63,964.85
2026-08-14 14:17:38.610,503.353,505812,956.1,-8.75,964.85
2026-08-14 14:17:38.823,503.566,505912,956.14,-8.71,964.85
2026-08-14 14:17:38.823,503.566,506012,956.18,-8.67,964.85
2026-08-14 14:17:39.024,503.768,506113,956.19,-8.66,964.85
2026-08-14 14:17:39.025,503.768,506212,956.15,-8.7,964.85
2026-08-14 14:17:39.226,503.969,506312,956.06,-8.79,964.85
2026-08-14 14:17:39.226,503.97,506413,956.09,-8.76,964.85
2026-08-14 14:17:39.429,504.172,506512,956.12,-8.73,964.85
2026-08-14 14:17:39.429,504.173,506612,956.11,-8.74,964.85
2026-08-14 14:17:39.635,504.378,506713,956.13,-8.72,964.85
2026-08-14 14:17:39.635,504.378,506812,956.14,-8.71,964.85
2026-08-14 14:17:39.836,504.58,506912,956.16,-8.69,964.85
2026-08-14 14:17:39.836,504.58,507013,956.25,-8.6,964.85
2026-08-14 14:17:40.046,504.79,507112,956.05,-8.8,964.85
2026-08-14 14:17:40.046,504.79,507212,956.14,-8.71,964.85
2026-08-14 14:17:40.255,504.998,507313,956.13,-8.72,964.85
2026-08-14 14:17:40.255,504.999,507412,956.21,-8.64,964.85
2026-08-14 14:17:40.463,505.206,507512,956.19,-8.66,964.85
2026-08-14 14:17:40.465,505.208,507612,956.11,-8.74,964.85
2026-08-14 14:17:40.677,505.42,507712,956.11,-8.74,964.85
2026-08-14 14:17:40.677,505.42,507812,956.08,-8.77,964.85
2026-08-14 14:17:40.886,505.629,507912,956.12,-8.73,964.85
2026-08-14 14:17:40.886,505.629,508012,956.17,-8.68,964.85
2026-08-14 14:17:41.093,505.837,508112,956.14,-8.71,964.85
2026-08-14 14:17:41.094,505.837,508212,956.11,-8.74,964.85
2026-08-14 14:17:41.302,506.046,508312,956.12,-8.73,964.85
2026-08-14 14:17:41.302,506.046,508412,956.17,-8.68,964.85
2026-08-14 14:17:41.511,506.254,508512,956.21,-8.64,964.85
2026-08-14 14:17:41.511,506.255,508612,956.14,-8.71,964.85
2026-08-14 14:17:41.512,506.255,508712,956.29,-8.56,964.85
2026-08-14 14:17:41.726,506.47,508812,956.13,-8.72,964.85
2026-08-14 14:17:41.727,506.47,508912,956.21,-8.64,964.85
2026-08-14 14:17:41.934,506.678,509012,956.11,-8.74,964.85
2026-08-14 14:17:41.935,506.678,509112,956.09,-8.76,964.85
2026-08-14 14:17:42.141,506.884,509212,956.11,-8.74,964.85
2026-08-14 14:17:42.141,506.885,509313,956.15,-8.7,964.85
2026-08-14 14:17:42.342,507.085,509412,956.14,-8.71,964.85
2026-08-14 14:17:42.342,507.085,509512,956.2,-8.65,964.85
2026-08-14 14:17:42.549,507.293,509613,956.15,-8.7,964.85
2026-08-14 14:17:42.550,507.294,509712,956.11,-8.74,964.85
2026-08-14 14:17:42.759,507.502,509812,956.17,-8.68,964.85
2026-08-14 14:17:42.759,507.502,509913,956.11,-8.74,964.85
2026-08-14 14:17:42.967,507.71,510012,956.16,-8.69,964.85
2026-08-14 14:17:42.967,507.71,510112,956.13,-8.72,964.85
2026-08-14 14:17:43.167,507.911,510213,956.2,-8.65,964.85
2026-08-14 14:17:43.168,507.911,510312,956.2,-8.65,964.85
2026-08-14 14:17:43.382,508.126,510412,956.13,-8.72,964.85
2026-08-14 14:17:43.383,508.126,510513,956.14,-8.71,964.85
2026-08-14 14:17:43.589,508.333,510612,956.12,-8.73,964.85
2026-08-14 14:17:43.590,508.333,510712,956.12,-8.73,964.85
2026-08-14 14:17:43.797,508.541,510812,956.17,-8.68,964.85
2026-08-14 14:17:43.798,508.541,510912,956.16,-8.69,964.85
2026-08-14 14:17:44.001,508.745,511012,956.11,-8.74,964.85
2026-08-14 14:17:44.001,508.745,511112,956.06,-8.79,964.85
2026-08-14 14:17:44.213,508.956,511212,956.12,-8.73,964.85
2026-08-14 14:17:44.213,508.956,511312,956.15,-8.7,964.85
2026-08-14 14:17:44.213,508.957,511412,956.05,-8.8,964.85
2026-08-14 14:17:44.422,509.165,511512,956.1,-8.75,964.85
2026-08-14 14:17:44.422,509.166,511612,956.04,-8.81,964.85
